event_time_1,event_time_2,event_time_3,event_time_4,event_time_5,event_time_6,event_time_7,time_sec
1.50614495565195,1.40792344279761,2.60342143700272,3.25414816522,4.72121975207284,5.84802818412674,6.29037359874732,1.464265051
0.611078780207005,1.86223260844021,2.89357718108598,4.01410814164151,4.91170287459643,6.62074088864587,6.38558695621286,1.610701091
1.373443074264,2.2598731805588,3.7528693693787,4.08032948242715,4.99440842759427,5.86538088381968,7.44250894558258,1.335925562
0.945419314641163,1.8963718400294,3.30366748189991,5.07143557188859,5.91660641718194,7.46430454623189,7.54819488041201,1.678290617
1.35290786869828,2.20806909121349,3.59503191977539,3.7075370364393,5.38684745804917,5.81280485222892,6.394458619154,1.710050207
0.64111589613586,2.1911503578996,2.35698367679482,3.84115224720923,4.87616183510992,6.10571965328659,8.41550705138656,1.711918112
0.841721106688135,2.20517721001709,3.00067523205771,3.96446350428126,4.64100393245252,6.21124574620649,6.32991775439907,1.678521674
1.43786388534915,2.74923018682735,3.51101319067261,4.88360332618872,5.29314916532834,6.82933076350911,7.51213466426839,1.765076816
0.830011083574811,2.20526290624899,3.39912464955401,4.48681680310415,5.98574941556142,6.85190089209106,8.0002331245171,1.731183996
1.37052938574721,2.49703775682195,3.91747686582911,3.91962009717778,5.4790255880072,7.39885743976662,8.80257757251686,1.673773555
1.38289639159365,1.43429282531176,2.46640212755794,2.9891149466054,4.30667008176434,6.18538668426896,8.52506312511968,1.346623244
1.17156402742307,2.30151792684353,2.92861113217375,3.81643633454459,5.10503590945399,6.38648141571179,6.71100614047194,1.720490132
0.85938806581611,1.95185039251106,3.03105927169333,4.09209235989797,4.84468145176857,5.61131440630958,6.22567183632533,1.655395665
1.36167104796261,2.20899232463922,3.48239219284865,4.24899610510024,5.51669726444519,6.32765543543267,7.41666888551663,1.720594832
0.681841555797308,2.26784976376281,3.34323982728034,4.73206222863689,5.47678150971031,7.31869998381509,8.52630316309984,1.560667559
0.755584569675051,2.94261334666697,3.56693694784577,4.10868343358223,5.23248392223794,6.17484473590831,8.309936878548,1.489251305
1.24283599669855,2.17152378326749,3.17117704852579,4.46831398405742,5.00359670513477,6.24368064616853,8.44018942221488,1.544727558
1.61294939139476,2.63703471708515,3.80334611312374,5.1079688660242,6.71039755544097,7.39546689741336,8.32016098670426,1.455845804
1.24792656111377,1.93987429493397,2.93655941163088,3.6449318296764,4.18860950030494,6.59115835156095,6.18251379309899,1.406452897
1.37996465564895,1.73874059301048,2.92685117441494,4.62487719565323,5.40997463574694,6.90638204746845,5.57363676070154,1.33177178
0.593723467979876,1.81207029120272,2.80591937713664,3.36330058497947,4.58182398956165,5.1335716995019,6.42903511940528,1.438669285
1.16665331819007,1.69928350177423,2.77545100192959,3.55932290214987,4.32429864387863,4.59278390176377,7.07283656012437,1.417471037
1.25462034646673,1.81207110114099,3.30370544355557,3.98480481406797,3.97327450676329,4.96134967717378,8.50671491701803,1.407641595
1.30978220632046,1.69562035782607,3.37395117664679,3.46527426538173,4.42846312603841,5.59120826948261,6.15306735580202,1.354153515
1.0630106683979,2.26374130094546,2.7481285121368,4.13394333586148,5.73343301845755,6.26426535532599,6.81006214733022,1.344534366
0.796967549805681,1.52909883994527,2.698634280945,4.31826968150735,4.97228894038288,6.79304431674695,7.15235424348857,1.447526702
0.759903622821829,1.98227869814627,2.70272066181761,3.56268050156098,4.95688029794715,5.35855247226982,6.97748819838416,1.678668392
0.499723016109155,1.51661408557931,2.3542653565321,3.01751209250969,3.19321240388487,3.46258439492402,5.17086726954615,1.645605703
0.518806391184248,2.23491700860304,2.78703695916725,3.64856968494703,5.2132099918581,6.94027922058875,7.46766820336453,1.710697068
0.630698317898948,1.91831246740378,3.2879947195516,3.39908414793338,4.11207659060516,4.87916594045796,7.85593455871332,1.670581071
0.905012117896558,2.17277471209876,2.81713325790872,3.80251251953075,4.68840979534545,5.77568568457189,7.76345203859877,1.571980552
1.0333787629474,1.91649432179876,2.64474384394883,2.8787946162779,3.95209553029407,6.00927570846863,9.05659846012598,1.714733908
1.23443813435249,2.2656048933923,2.50994917550043,2.98010727276148,4.17388995403845,5.67264285500587,7.5124670182389,2.086062174
0.497264531616098,1.98850164219791,2.44314912166904,3.92976015444001,4.9926865305127,5.25667923147863,5.95476542971606,1.586450963
0.336654812412847,1.23416040199607,2.02449982369475,4.4726885086569,5.59769969268872,7.06049546023334,7.09504677884149,1.564760579
1.37443426890708,2.7853211245643,2.7939903637045,4.99465390046781,6.20145624400932,8.1924800249376,10.2881211452763,1.491988066
1.47901230765627,2.27316492764337,3.06484160705233,3.93049808465036,4.71872601948487,6.46404606349013,8.4336879096368,1.439848805
0.356601857006199,1.73759143997891,2.75375120869328,3.85225349467576,5.18145939747092,4.83916930972713,5.82109915150119,1.580965254
0.915201797856109,1.54248455770173,2.84861729424721,2.2704387894548,3.82780784304387,4.22201240164667,5.47168399423425,1.644852349
0.618247807558107,1.98645620819279,2.97392210505983,3.70808169343517,3.79822108934292,5.47171564611537,7.21877259725645,1.494527045
0.934389694145036,1.75991182779754,2.98605661383843,4.73714350683063,5.85111970067176,7.60863323385416,7.39533789374965,1.430709004
1.14479975443966,2.15547924389049,3.16973610911315,3.96288423254313,5.15832210833799,5.76430278948591,5.8350965602345,1.559015538
1.00628212681203,1.7196275042233,2.07818486151162,2.12357341427946,3.39837656445692,4.36465796910522,6.38725971226391,1.367517576
0.969935403872499,1.80467044494124,3.34002676278042,3.38069063442954,4.42048899406914,5.34639617479504,6.72483906866912,1.354496164
0.831952790157631,1.802765362422,2.65264967063366,3.62764225808335,4.22091676912411,4.68264755749202,7.94447966075743,1.432842607
0.78451010386631,1.73900876010419,1.91190487408492,3.46321811626353,5.30253957808721,5.98394629725205,5.7582209015486,1.355346644
0.852601224751604,2.13742267113614,3.09845973885825,3.39141755373443,4.26117252580581,4.45103489712365,6.95328414632963,1.307338233
0.608229617990372,1.92033459250471,3.61577696099347,3.51651491466847,4.91913979830696,7.3232986838016,7.78584546226107,1.300887596
1.3904095519885,2.35884431414069,3.60147040986247,4.16104153469608,5.1409764716998,6.1642396717907,7.30801071308198,1.525264634
0.966865189900487,2.08694752795054,3.50387163491945,4.50754223317869,5.01960887678533,6.52173969336834,6.7870158080561,1.413081961
0.916911403992937,2.16900356267776,2.97474275257895,3.24724000539746,4.48564262060262,5.36712909919792,6.52318187826089,1.407925275
1.07928951415539,1.82542527945397,2.28474541439481,3.42868591367168,4.32908353482544,5.27891866283461,6.08213612551844,1.590081451
0.565064200995791,2.07942345998338,2.64676121961482,3.58815480233463,5.66894204354058,6.97232954703484,9.30685362902972,1.606452065
1.09212216932995,2.37310594798988,3.22362594663758,4.76807555646704,5.49424642061977,6.48320051807642,7.62280126840967,1.701748328
1.07238109073025,1.52615873240995,2.44700445487492,3.50221315348583,5.09572792504696,5.48108388007348,6.65580717956731,1.652104113
1.12007706093334,2.19240231727091,2.65784282773905,3.56755515738305,4.59213044610915,5.56237855901817,7.6290941014923,1.636923782
0.435070251207763,1.49201392273658,3.22040827418978,3.49724692836188,4.54623086081414,4.77325168490833,7.3849828535575,1.73716025
1.14447678086606,2.35863481144229,3.32162218533085,4.13727677195199,4.43431638408833,5.24628633863409,4.71079479984828,1.777504142
0.130221923766405,1.33282209520048,2.980097586862,4.38875840540196,5.80774579770432,5.85624355263661,6.10190768603336,1.615744609
0.919655168057092,2.49506297741843,2.50053902816535,3.67737237480439,5.10751843729379,4.84206782824895,6.2262769171793,1.662210322
0.587040481819184,1.77876103263612,3.15366693209968,3.38630257038781,3.85790290280402,5.02708563648283,6.75665224217605,1.312878374
1.06319163114409,2.20638103918917,3.19381107490775,4.18229110109339,4.52066522094568,5.78543078138233,6.61490760112626,1.389925846
1.49512942276208,2.50411002317224,3.72798949048593,5.27432966597289,5.53864445879287,6.30981272512862,7.96200402062715,1.531985496
0.778407938811683,2.23474791855354,2.70408532611823,4.20601377308909,5.05861458605087,5.37591225476157,7.98905443527058,1.549135467
1.04101859899144,2.32817858034842,2.94665119711364,4.28627577125554,6.03983159293631,6.34785811410885,7.27241127027892,1.473797733
1.31221226970405,1.94080280170572,3.07134137294839,5.2009703783538,6.93868440541156,8.8780250527826,10.2263180177004,1.575756655
0.776124447044277,1.22745369806749,2.22888535664402,2.54048123708899,2.97947600970756,2.32583483953261,2.50433718543148,1.594351527
0.736673077650941,1.98096849769473,2.7812901623223,4.50142095405427,5.02131987677969,6.99327969213588,8.5551161867227,1.543707275
1.43809764449809,2.46424360770885,3.37986889013824,3.68285085587367,4.2466711329316,4.90322718627129,6.31955186701452,1.382458182
0.848831043255948,1.38054116116258,3.11326773416806,4.49652474414734,4.62641503129171,5.8171562515403,7.05121647821132,1.314298302
0.720292398815657,1.44556784776328,2.61855896346079,3.71051856092306,6.10912191382587,8.53066952044015,8.4059937862655,1.340667696
0.729842802921984,1.41933331135089,2.74177131804238,3.34145587248316,4.8233163524897,6.08187811299472,6.59215951074312,1.353085351
1.15198035402437,2.57157957867806,3.15991143239297,4.0259187430094,4.3423790495755,5.49427975380999,7.70479418268334,1.450499918
0.719290051295041,1.72598036228789,2.82737544254236,3.33392934767905,4.50154771770793,5.42621966359004,7.16229924256013,1.346995144
1.5111627780826,1.97622459242342,3.30599883945053,4.24644609040735,5.66807647175467,6.44245861911689,6.49790488254315,1.283671818
0.746314722999455,2.47616419801324,3.00574625502906,3.42567183948001,4.59003156596143,5.38271993543568,6.93287770680277,1.488541502
1.16905053768792,2.6520936859017,3.81544259549139,4.97352089757137,5.16150244249521,6.53879552300347,8.07703846186945,1.588737482
0.653245464951019,1.4355619262562,2.33850750737235,3.17240648589115,3.35537862614604,4.08704122668943,4.6955468430188,1.734125578
1.21904971344029,1.85141436983597,3.22102670247544,5.04791771117825,5.50642856992082,6.5969500634173,6.7831619202885,1.882194173
1.18512031331203,2.4517531529899,3.46405462860554,4.53184717423533,5.39442332939106,6.1910676858969,6.03116393912812,1.651255505
1.20751370166134,2.03674822051388,3.0657409795621,4.04263468912972,4.34233204874759,6.24544449585802,6.66802491221233,1.630983588
1.50725989692287,2.57587420935912,3.734287983196,5.01684698430831,6.65368286753697,7.52707155338042,8.15870749412353,1.86457549
0.98375703639057,1.26934283861886,2.95946427523596,4.05531829070503,4.20956410423066,6.0916191478992,6.19262069951011,1.555903819
1.34351337419681,2.21693528962146,2.57823357108146,4.4795351085342,6.11480596634262,6.15810715315338,6.69320791429913,1.769991483
0.732549499801265,1.72720390273512,2.91078588608473,3.39792181015056,4.31502277889866,5.12731753882074,6.79188833920861,1.848898569
0.762148394987268,2.15346715752454,2.90713137753363,4.11015564398463,4.89540394368833,5.81516895716573,7.46642434075521,1.683160153
1.00278167962829,2.64019457009316,3.40089493297399,4.26276877354464,5.52348027708834,6.24500161008902,6.58184278832307,2.137723085
1.34285712387411,2.29943699648368,2.67057929801972,3.90476340473704,4.58906618896349,6.62025440606986,7.17095394798161,1.623081884
0.301933899767595,1.30799857841806,2.34727322293577,3.27932282476496,4.09401554987982,7.06079165541971,8.3877875447805,1.387657146
0.594358094537591,2.28348804202343,3.52313955318225,4.6752086909201,4.83974573759406,4.56422842815446,6.31537238727321,1.496051334
1.17097108552491,1.74977881442313,3.15969737725489,3.79681200101887,6.093086712167,5.93733752582011,6.9299110739891,1.707082766
1.05682526217136,1.87979499761368,3.1865877007069,4.03951314642797,5.37549726150089,8.20704849856081,7.10426956969095,1.507148734
0.778873353291239,1.1426642373428,2.49793300969564,4.10104549129332,4.73452398790901,7.27619574849657,9.76289735258199,1.406420835
0.878707997866264,1.7483854045251,2.74769886310701,4.05261703794228,4.03666827712995,5.3594637904981,4.54238540711013,1.496965038
1.02291041612176,1.99918328919132,2.98867748281843,3.87405657622119,4.73870426242282,5.54512654001693,7.33077955974561,1.583432323
0.536690298880655,2.14246065197505,2.84179518773066,3.40612131155622,4.29932550686778,5.49707329498323,6.42969769520113,1.820928316
1.56922335552339,1.92454933245279,3.57435159816495,3.81305407351089,4.77214216984347,5.8816563774771,5.99414249628246,1.747274473
0.399402365193679,1.62109336276811,2.62393806877733,3.46278274376745,3.56670415965808,5.07282162121689,5.68489196766847,1.705651011
0.71531640444809,1.55869584569811,3.1037524008376,4.74600137639519,5.44804106407425,6.89129809981748,7.96896010665396,1.538206907
0.483415723159175,1.41279802760349,2.53796030086095,3.44485677557877,3.35364203649883,5.0232961249419,4.12521502255005,1.597575635
