id,unit,time,treat,treatq,treatd,valueFOC2,valueMOC2,valuefratioOC2,valueFOC9,valueMOC9,valuefratioOC9
1,Austria,172,0,0,0,146.6,166.4,46.837059,97.4,119.4,44.926201
1,Austria,173,0,0,0,141.9,164,46.387707,101.2,131.5,43.489471
1,Austria,174,0,0,0,150.3,171.1,46.764156,90.4,129.6,41.090908
1,Austria,175,0,0,0,154.4,167.1,48.024883,94.8,133,41.615452
1,Austria,176,0,0,0,111.5,175.5,38.850174,90,145.6,38.20034
1,Austria,177,0,0,0,111.6,178,38.535912,96.8,164.5,37.04554
1,Austria,178,0,0,0,112.1,177.1,38.762104,114.3,167.6,40.546291
1,Austria,179,0,0,0,119,186.1,39.003605,105.7,159.6,39.84169
1,Austria,180,0,0,0,121.3,183.3,39.82272,99.1,151.8,39.497807
1,Austria,181,0,0,0,124,183.6,40.312092,101.3,166.3,37.855007
1,Austria,182,0,0,0,125.1,183.1,40.590527,104.9,169.4,38.242802
1,Austria,183,0,0,0,125.2,192.4,39.420654,96.3,154.6,38.381824
1,Austria,184,0,0,0,119.5,190.9,38.498711,100.3,143.4,41.157162
1,Austria,185,0,0,0,119.5,195.3,37.960609,100.3,150.2,40.039921
1,Austria,186,0,0,0,122.2,194,38.646427,97.1,166.2,36.878086
1,Austria,187,0,0,0,129.7,196.5,39.760883,102.6,163.1,38.614979
1,Austria,188,0,0,0,121.4,188.1,39.224556,107.4,165.9,39.297474
1,Austria,189,0,0,0,125.7,193.5,39.3797,101.4,181.2,35.881104
1,Austria,190,0,0,0,125.9,193.6,39.405319,112.8,186.1,37.738373
1,Austria,191,0,0,0,119.9,191.1,38.553055,103.7,177.5,36.877666
1,Austria,192,0,0,0,118.8,189.6,38.5214,106.2,168.1,38.716732
1,Austria,193,0,0,0,126.3,191.2,39.779526,103.7,173.7,37.382839
1,Austria,194,0,0,0,122.1,192.3,38.835876,106,179.5,37.127846
1,Austria,195,0,0,0,129.2,195.3,39.815102,105.9,171,38.244854
1,Austria,196,0,0,0,123.9,198.7,38.406696,100.8,157.1,39.084915
1,Austria,197,0,0,0,130.7,199.3,39.60606,100,157.7,38.804813
1,Austria,198,0,0,0,136.8,207.8,39.6982,99.8,166.5,37.476532
1,Austria,199,0,0,0,136.6,202.9,40.235641,100.9,168.6,37.439705
1,Austria,200,0,0,0,135.3,201.9,40.124554,104.5,162.4,39.15324
1,Austria,201,0,0,0,132.8,208.2,38.944283,99.7,164.3,37.765152
1,Austria,202,0,0,0,136.3,211.4,39.200459,100.7,180.4,35.823551
1,Austria,203,0,0,0,141.8,207.2,40.630371,104.1,171.2,37.813293
1,Austria,204,0,0,0,191.9,239.9,44.441872,71.1,100.8,41.361256
1,Austria,205,0,0,0,183.1,240.7,43.204342,76.4,116,39.708939
1,Austria,206,0,0,0,191,258.6,42.482208,79,121.9,39.323048
1,Austria,207,0,0,0,189.9,258.2,42.378933,76.6,114.5,40.083725
1,Austria,208,0,0,0,193.6,263.3,42.372509,78,106,42.391304
1,Austria,209,0,0,0,191,283.1,40.286858,83.3,114.6,42.091965
1,Austria,210,0,0,0,201.4,291.1,40.893402,81.3,117.8,40.833752
1,Austria,211,0,0,0,194.5,287.3,40.36945,80.3,114.1,41.306583
1,Austria,212,0,0,0,195.5,293.8,39.955036,83.3,104.5,44.355698
1,Austria,213,0,0,0,207.4,298.3,41.012459,75.4,107.6,41.202187
1,Austria,214,0,0,0,201.3,297.4,40.364948,82.5,115.8,41.60363
1,Austria,215,0,0,0,201.6,291.1,40.917393,72.5,98.5,42.397659
1,Austria,216,0,0,0,209.7,279.9,42.830883,69.4,96.7,41.782059
1,Austria,217,0,0,0,205.2,276,42.643391,67.4,106.8,38.691158
1,Austria,218,0,0,0,208.3,279,42.745743,74.8,125.2,37.400002
1,Austria,219,0,0,0,194.5,274.8,41.444706,63.5,106.4,37.374928
1,Austria,220,0,0,0,199.4,287.3,40.969795,61.5,102.5,37.5
1,Austria,221,0,0,0,200.3,287.2,41.087181,70.9,105.4,40.215542
1,Austria,222,0,0,0,212.1,287.7,42.436974,75.7,105.1,41.869469
1,Austria,223,0,0,0,212,298.4,41.536049,75.4,97.4,43.634258
1,Austria,224,0,0,0,213,301.7,41.383331,76.5,95.6,44.450901
1,Austria,225,0,0,0,217,300.7,41.916168,75.4,103.8,42.075893
1,Austria,226,0,0,0,217.4,306,41.53611,83.9,112,42.827972
1,Austria,227,0,0,0,221.3,302.7,42.232826,72.2,106.5,40.402908
1,Austria,228,0,0,0,223.3,298.8,42.769585,66,105.3,38.528896
1,Austria,229,0,0,0,229.2,308.7,42.610149,72.6,113.1,39.095314
1,Austria,230,1,1,0,230.1,310.4,42.571693,82.3,121.3,40.422398
1,Austria,231,1,1,0,240.1,313.9,43.339352,73.6,118.4,38.333332
1,Austria,232,1,1,0,277.1,319.5,46.446529,74.1,109.4,40.38147
1,Austria,233,1,1,0,274.8,328.3,45.564583,78,123.2,38.767395
1,Austria,234,1,1,0,281.9,344.5,45.003193,81.8,125.1,39.536007
1,Austria,235,1,1,0,276.2,346.1,44.383739,77,115.2,40.062435
1,Austria,236,1,1,0,275.1,346,44.292385,77,106.9,41.870583
2,Belgium,172,0,0,0,279.7,334.2,45.561165,58.4,184.1,24.082474
2,Belgium,173,0,0,0,282.1,313.3,47.379913,57,176.1,24.453024
2,Belgium,174,0,0,0,313.2,350.9,47.161572,64.9,183.1,26.169355
2,Belgium,175,0,0,0,307.7,337.7,47.675861,68.8,160.7,29.978214
2,Belgium,176,0,0,0,309.3,349.7,46.93475,62.6,155.9,28.649885
2,Belgium,177,0,0,0,307.6,348,46.918854,72.2,162.1,30.815195
2,Belgium,178,0,0,0,305,369.4,45.225384,61.9,182.8,25.296282
2,Belgium,179,0,0,0,294.6,329.6,47.196411,67.9,159.5,29.85928
2,Belgium,180,0,0,0,305.8,369.5,45.283577,58.4,150.7,27.92922
2,Belgium,181,0,0,0,312.2,360.2,46.430695,66.1,155.1,29.88246
2,Belgium,182,0,0,0,308.6,366.2,45.732067,60.9,154.3,28.299257
2,Belgium,183,0,0,0,334.4,388.4,46.264526,56.1,142.7,28.219316
2,Belgium,184,0,0,0,309.9,365.3,45.897511,59.4,163.9,26.600985
2,Belgium,185,0,0,0,331.6,358.7,48.037086,59.3,169.3,25.940508
2,Belgium,186,0,0,0,333.6,364.3,47.800545,64.1,178.3,26.443895
2,Belgium,187,0,0,0,358.4,402.3,47.114498,65.3,172.1,27.506319
2,Belgium,188,0,0,0,328.2,382.2,46.199326,66.4,196.2,25.285606
2,Belgium,189,0,0,0,331.6,348.4,48.764706,69.9,175.8,28.449329
2,Belgium,190,0,0,0,334.4,385.4,46.457348,71.9,156,31.548925
2,Belgium,191,0,0,0,365.7,381.7,48.929623,79.6,170.9,31.776447
2,Belgium,192,0,0,0,359,374.6,48.936749,64.1,159.3,28.692928
2,Belgium,193,0,0,0,360.7,357.3,50.236771,70.1,152.4,31.505617
2,Belgium,194,0,0,0,358.4,401.4,47.170307,81.4,163.8,33.197392
2,Belgium,195,0,0,0,335.6,375.1,47.22105,80.9,163.7,33.074406
2,Belgium,196,0,0,0,362.6,392.8,48.00106,74.6,156.5,32.280399
2,Belgium,197,0,0,0,356.3,375.5,48.688168,75.1,165.3,31.239601
2,Belgium,198,0,0,0,354.6,410.7,46.33477,68.9,146.1,32.046513
2,Belgium,199,0,0,0,342.2,387.5,46.895985,72.6,159.7,31.252691
2,Belgium,200,0,0,0,352.9,417.1,45.831169,77.3,161.5,32.370186
2,Belgium,201,0,0,0,368.8,413.8,47.124969,63,160.8,28.150133
2,Belgium,202,0,0,0,370.2,391.4,48.608192,82.6,170.9,32.583828
2,Belgium,203,0,0,0,392.2,403.7,49.277546,77.1,152.7,33.550915
2,Belgium,204,0,0,0,323.6,358.4,47.448681,84.9,128.6,39.765808
2,Belgium,205,0,0,0,342,396.7,46.29755,89,121.3,42.320496
2,Belgium,206,1,1,0,317.6,393.3,44.675762,96.2,139.7,40.779991
2,Belgium,207,1,1,0,338.9,375.9,47.411865,90.5,139.2,39.399216
2,Belgium,208,1,1,0,280.7,387.5,42.008381,89.4,134.7,39.892906
2,Belgium,209,1,1,0,355.4,406.8,46.628181,96.4,131.6,42.280701
2,Belgium,210,1,1,0,366.3,403.3,47.596153,83.3,129.8,39.08963
2,Belgium,211,1,1,0,371.7,411.7,47.447025,93.3,122.3,43.274582
2,Belgium,212,1,1,0,355.6,400.5,47.030815,84.7,114.5,42.520081
2,Belgium,213,1,1,0,349.2,427.2,44.976814,107.7,136.2,44.15744
2,Belgium,214,1,1,0,381.8,404.1,48.581245,86.3,144.8,37.34314
2,Belgium,215,1,1,0,378.7,425.2,47.107849,85.1,134,38.840714
2,Belgium,216,1,1,0,414.6,431.9,48.978146,92.9,121.2,43.390938
2,Belgium,217,1,1,0,389.4,452.8,46.23605,103.1,121.6,45.8834
2,Belgium,218,1,1,0,400.1,425.3,48.473469,93.7,134.9,40.988625
2,Belgium,219,1,1,0,400.3,443.5,47.440151,91.3,138.6,39.712917
2,Belgium,220,1,1,0,400.7,415.2,49.111412,88,135.9,39.303261
2,Belgium,221,1,1,0,392.6,432.8,47.564816,89.1,133.1,40.09901
2,Belgium,222,1,1,0,382.2,445.9,46.153847,90.2,159.8,36.080002
2,Belgium,223,1,1,0,386.4,414,48.275864,98.8,133.4,42.549526
2,Belgium,224,1,1,0,404.9,431.7,48.398277,98.4,153.2,39.109699
2,Belgium,225,1,1,0,412.1,409.3,50.170441,88.7,152.5,36.77446
2,Belgium,226,1,1,0,419.4,439.8,48.812851,82.5,136.4,37.688442
2,Belgium,227,1,1,0,419.1,480.3,46.597733,92.2,155.6,37.207424
2,Belgium,228,1,1,0,420.6,489,46.240105,82.7,132.7,38.393684
2,Belgium,229,1,1,0,427.6,489.2,46.640488,80.2,132,37.794533
2,Belgium,230,1,1,0,440.4,483.5,47.667496,98.4,141.1,41.085594
2,Belgium,231,1,1,0,434.8,505.8,46.225815,92.6,144.9,38.989475
2,Belgium,232,1,1,0,435.1,480.7,47.510372,91.2,125.9,42.008289
2,Belgium,233,1,1,0,428.5,496.8,46.309303,92.8,131.7,41.336304
2,Belgium,234,1,1,0,433.5,483.3,47.284031,92.9,135,40.763493
2,Belgium,235,1,1,0,463.2,506.2,47.782135,92.6,137.5,40.243374
2,Belgium,236,1,1,0,446.4,507.2,46.81208,95.4,132.1,41.934067
3,Bulgaria,172,0,0,0,218,105.3,67.429634,116.2,154.5,42.925747
3,Bulgaria,173,0,0,0,211.8,105.4,66.771751,127.4,173.9,42.28344
3,Bulgaria,174,0,0,0,207.8,109.7,65.448822,139,190.7,42.159538
3,Bulgaria,175,0,0,0,212,106,66.666664,136,177.5,43.38118
3,Bulgaria,176,0,0,0,204,107.9,65.405579,124.9,177.1,41.357616
3,Bulgaria,177,0,0,0,204.2,109,65.19796,143.4,193.7,42.539307
3,Bulgaria,178,0,0,0,213.6,113.2,65.361076,162,208.7,43.701107
3,Bulgaria,179,0,0,0,220.7,115,65.743225,142.4,208,40.639271
3,Bulgaria,180,0,0,0,212.3,107.8,66.323021,112,179.2,38.46154
3,Bulgaria,181,0,0,0,215.5,118.8,64.463058,133.3,190.4,41.180103
3,Bulgaria,182,0,0,0,225.3,124.1,64.481972,141.6,206.9,40.631275
3,Bulgaria,183,0,0,0,227.5,112.9,66.833138,133,204.3,39.430775
3,Bulgaria,184,0,0,0,243.4,115.1,67.894005,130,190,40.625
3,Bulgaria,185,0,0,0,249.8,120.1,67.531769,147,195.5,42.919708
3,Bulgaria,186,0,0,0,249.3,118.5,67.781403,162.7,200.2,44.833286
3,Bulgaria,187,0,0,0,252.4,128.4,66.281509,151.6,202.7,42.788597
3,Bulgaria,188,0,0,0,271.7,133.7,67.020226,141.8,199.2,41.583576
3,Bulgaria,189,0,0,0,260,128.1,66.993042,163.4,209,43.877552
3,Bulgaria,190,0,0,0,246.5,129.6,65.541077,178.1,219.2,44.827587
3,Bulgaria,191,0,0,0,258.5,136.8,65.393372,176.5,224.1,44.05891
3,Bulgaria,192,0,0,0,274.8,140.5,66.169037,171.5,230.6,42.651081
3,Bulgaria,193,0,0,0,275.3,138.7,66.497581,174.2,249.2,41.143127
3,Bulgaria,194,0,0,0,266.6,129,67.391304,185,246,42.923435
3,Bulgaria,195,0,0,0,270.1,137.6,66.249695,182.5,229.2,44.328396
3,Bulgaria,196,0,0,0,276.6,139.8,66.426514,171.5,216.3,44.223827
3,Bulgaria,197,0,0,0,270.8,144.3,65.237289,172.9,231.2,42.786438
3,Bulgaria,198,0,0,0,259.5,137.5,65.365242,173.2,231.3,42.818295
3,Bulgaria,199,0,0,0,266,132.8,66.700104,160.8,213.8,42.925789
3,Bulgaria,200,0,0,0,269.8,137.9,66.176109,152.6,198.7,43.438656
3,Bulgaria,201,0,0,0,268.7,136.6,66.29657,153.5,212.7,41.916985
3,Bulgaria,202,0,0,0,264.7,115.9,69.54808,160.6,217.4,42.486771
3,Bulgaria,203,0,0,0,270.2,120.3,69.193344,153.4,198.4,43.604321
3,Bulgaria,204,0,0,0,320.9,142.6,69.234085,106.2,147.8,41.811024
3,Bulgaria,205,0,0,0,317.7,141.5,69.185539,107.6,153.9,41.147228
3,Bulgaria,206,0,0,0,312.3,126,71.252563,113.6,177.2,39.064648
3,Bulgaria,207,0,0,0,307.4,130.9,70.134613,109,166.9,39.507069
3,Bulgaria,208,0,0,0,304.8,134.2,69.430527,119,138.5,46.213593
3,Bulgaria,209,0,0,0,306.9,129.6,70.30928,127.3,154.7,45.141846
3,Bulgaria,210,0,0,0,299.2,134.3,69.019608,119,174.9,40.489964
3,Bulgaria,211,0,0,0,302.6,149.9,66.872925,111.2,161.7,40.747528
3,Bulgaria,212,0,0,0,301.2,140.2,68.237427,116.5,148.7,43.929111
3,Bulgaria,213,0,0,0,303.5,140,68.432922,118.2,175.4,40.258854
3,Bulgaria,214,0,0,0,306.9,140.4,68.611671,117.5,190.4,38.161739
3,Bulgaria,215,0,0,0,313.1,145.6,68.258118,110.2,164.8,40.072727
3,Bulgaria,216,0,0,0,322.9,152.6,67.907463,104.7,158.3,39.809887
3,Bulgaria,217,0,0,0,325.3,170.7,65.584679,112.3,180,38.419434
3,Bulgaria,218,0,0,0,329.1,154.9,67.995865,124.2,191.3,39.366085
3,Bulgaria,219,0,0,0,345.8,150.1,69.731804,104.6,166.3,38.612034
3,Bulgaria,220,0,0,0,346.6,161.6,68.201492,99.8,164.3,37.788715
3,Bulgaria,221,0,0,0,333.3,167.9,66.500397,108.2,179.3,37.634781
3,Bulgaria,222,0,0,0,340.7,164.3,67.465347,118.7,186,38.956352
3,Bulgaria,223,0,0,0,347.6,164.5,67.877365,110.5,180.3,37.998623
3,Bulgaria,224,0,0,0,336.1,171.7,66.187477,101.7,175.8,36.648647
3,Bulgaria,225,0,0,0,335.4,166.4,66.839378,110.4,185.9,37.259533
3,Bulgaria,226,0,0,0,336.2,162.8,67.374748,115.2,190.1,37.733376
3,Bulgaria,227,0,0,0,338.2,160.7,67.789139,103.6,178,36.789772
3,Bulgaria,228,0,0,0,329,164.6,66.65316,107.6,174,38.210228
3,Bulgaria,229,0,0,0,331.3,165.7,66.659958,121.2,197.6,38.017567
3,Bulgaria,230,0,0,0,335.2,167.2,66.719742,124.2,220,36.083672
3,Bulgaria,231,0,0,0,339.9,165.2,67.293602,111.8,205.4,35.245903
3,Bulgaria,232,0,0,0,340.1,171.5,66.477715,110,191.4,36.496349
3,Bulgaria,233,0,0,0,325.6,182.8,64.04406,121.4,205.1,37.182236
3,Bulgaria,234,0,0,0,338.4,179.1,65.391304,133.7,232.5,36.510105
3,Bulgaria,235,0,0,0,349.6,172.6,66.947533,125.2,223.7,35.884209
3,Bulgaria,236,0,0,0,335.2,182.8,64.710426,123.9,208.8,37.240757
4,Czech Republic,172,0,0,0,214.3,225,48.782154,129.9,98.2,56.948708
4,Czech Republic,173,0,0,0,221,230.1,48.991356,124.9,97,56.286617
4,Czech Republic,174,0,0,0,224.9,231.7,49.255367,126.4,96.1,56.80899
4,Czech Republic,175,0,0,0,225.9,231.8,49.355473,127.5,96.9,56.81818
4,Czech Republic,176,0,0,0,231,232.1,49.881237,122,89,57.819904
4,Czech Republic,177,0,0,0,230.7,227.2,50.382179,120.8,94.3,56.159927
4,Czech Republic,178,0,0,0,234.2,224.6,51.046207,120.5,96.1,55.632504
4,Czech Republic,179,0,0,0,236.4,232.6,50.405117,117.1,98.8,54.238071
4,Czech Republic,180,0,0,0,237.5,239.2,49.82169,111.9,95.7,53.901733
4,Czech Republic,181,0,0,0,236.4,244.3,49.17828,116.3,99.3,53.942486
4,Czech Republic,182,0,0,0,236.4,245.7,49.035469,118.5,100.8,54.035568
4,Czech Republic,183,0,0,0,234.4,247.2,48.671097,119.9,98.8,54.823959
4,Czech Republic,184,0,0,0,232.5,246.5,48.538624,119.9,96.5,55.406654
4,Czech Republic,185,0,0,0,236.7,240.5,49.601845,119.2,98.7,54.703991
4,Czech Republic,186,0,0,0,239.9,246.7,49.301273,119.3,102.9,53.690369
4,Czech Republic,187,0,0,0,238.6,247.7,49.064365,113.3,101.9,52.648701
4,Czech Republic,188,0,0,0,245.2,249.8,49.535355,106.5,100.9,51.350048
4,Czech Republic,189,0,0,0,256,243.1,51.292328,106.9,103.3,50.856327
4,Czech Republic,190,0,0,0,250.2,251.2,49.90028,108.6,106.2,50.558659
4,Czech Republic,191,0,0,0,253.2,246,50.721153,106.8,101.8,51.198467
4,Czech Republic,192,0,0,0,255.1,245.9,50.918163,108.9,103.8,51.198872
4,Czech Republic,193,0,0,0,256.2,244.5,51.168365,112.4,104.9,51.725723
4,Czech Republic,194,0,0,0,259.9,254.2,50.554367,117.3,109.2,51.788078
4,Czech Republic,195,0,0,0,262,261,50.095604,121.7,108.4,52.890049
4,Czech Republic,196,0,0,0,256.9,266.5,49.08292,111.9,103.3,51.998142
4,Czech Republic,197,0,0,0,258.1,274.7,48.442192,114.2,103.6,52.433426
4,Czech Republic,198,0,0,0,256.8,277.6,48.053894,117.3,101.5,53.610603
4,Czech Republic,199,0,0,0,251.4,280.1,47.300095,110.2,92.3,54.419754
4,Czech Republic,200,0,0,0,205.9,255.3,44.644405,104.4,86.1,54.80315
4,Czech Republic,201,0,0,0,212.8,252.5,45.733936,110.6,87.4,55.858585
4,Czech Republic,202,0,0,0,209.9,250,45.640358,111.5,91.7,54.872047
4,Czech Republic,203,0,0,0,217.4,256.7,45.855305,111.4,85.8,56.490871
4,Czech Republic,204,0,0,0,281.8,267.8,51.273655,132,82.2,61.624649
4,Czech Republic,205,0,0,0,291.7,270.4,51.89468,141,83.7,62.750332
4,Czech Republic,206,0,0,0,296.1,271.8,52.139462,144.6,86.2,62.651646
4,Czech Republic,207,0,0,0,323.2,276.8,53.866665,138.4,82.6,62.624435
4,Czech Republic,208,0,0,0,329.3,283.1,53.772045,134.1,82,62.054604
4,Czech Republic,209,0,0,0,333.2,274.6,54.820663,130.3,87,59.963184
4,Czech Republic,210,0,0,0,335.2,287.6,53.821453,129.2,92.9,58.171993
4,Czech Republic,211,0,0,0,346.3,288.6,54.544022,121.6,86.5,58.433445
4,Czech Republic,212,0,0,0,341.9,293.1,53.842518,118.5,84.4,58.403152
4,Czech Republic,213,0,0,0,349.6,295.8,54.167957,126.2,96.1,56.77013
4,Czech Republic,214,0,0,0,354.6,299.7,54.195324,131.4,100.9,56.564789
4,Czech Republic,215,0,0,0,355,304.7,53.81234,131.3,101.2,56.473118
4,Czech Republic,216,0,0,0,355,313.6,53.09602,130.3,92.6,58.456707
4,Czech Republic,217,0,0,0,361.6,315.7,53.388454,128.9,95.8,57.365376
4,Czech Republic,218,0,0,0,362.9,321.4,53.032295,129.9,97,57.249889
4,Czech Republic,219,0,0,0,370.3,321.7,53.511562,129.8,92.1,58.494816
4,Czech Republic,220,0,0,0,374,315,54.281567,131.4,92.2,58.765652
4,Czech Republic,221,0,0,0,376.1,313.4,54.546772,131,100.4,56.611927
4,Czech Republic,222,0,0,0,375.7,329.8,53.253014,138.7,101.1,57.839867
4,Czech Republic,223,0,0,0,372.5,330.1,53.017365,134,92.5,59.161148
4,Czech Republic,224,0,0,0,372.1,334.3,52.675537,138,90,60.526318
4,Czech Republic,225,0,0,0,369.5,334,52.523098,145.2,89.1,61.971832
4,Czech Republic,226,0,0,0,372.6,348.2,51.692562,145.8,89.2,62.042553
4,Czech Republic,227,0,0,0,376.3,343.5,52.278412,143,89.7,61.452515
4,Czech Republic,228,0,0,0,367,355.4,50.802879,133.7,88.7,60.116905
4,Czech Republic,229,0,0,0,357.2,349.6,50.537636,135.7,89.1,60.364769
4,Czech Republic,230,0,0,0,365.3,356.4,50.6166,129,94,57.847534
4,Czech Republic,231,0,0,0,365,372.2,49.511665,126.7,92.8,57.722095
4,Czech Republic,232,0,0,0,379,376.1,50.192028,122.7,87.9,58.262108
4,Czech Republic,233,0,0,0,391.4,362.6,51.909813,126.6,99.4,56.0177
4,Czech Republic,234,0,0,0,399.6,368,52.058365,132,100.9,56.676685
4,Czech Republic,235,0,0,0,406.2,372.2,52.183968,143.3,98.1,59.362053
4,Czech Republic,236,0,0,0,393.2,375.9,51.124691,146.4,97.8,59.950859
5,Denmark,172,0,0,0,134,214,38.505749,52.1,105.3,33.10038
5,Denmark,173,0,0,0,138,212.4,39.38356,53.3,96.4,35.604542
5,Denmark,174,0,0,0,133.9,219.7,37.867645,63.2,115.3,35.406162
5,Denmark,175,0,0,0,130.5,220.3,37.200684,64.9,100.6,39.2145
5,Denmark,176,0,0,0,134.9,224.2,37.566139,53.5,111.5,32.424244
5,Denmark,177,0,0,0,143.8,217.6,39.789707,56.7,110.4,33.931778
5,Denmark,178,0,0,0,148.6,203.3,42.227905,62.7,116.7,34.949833
5,Denmark,179,0,0,0,135.2,206.4,39.578453,54.8,99.9,35.423401
5,Denmark,180,0,0,0,154.9,215.5,41.819653,52.2,98.6,34.615383
5,Denmark,181,0,0,0,145.9,227.2,39.104797,53.5,118.7,31.068525
5,Denmark,182,0,0,0,159.1,225.5,41.367653,60.4,120.1,33.462605
5,Denmark,183,0,0,0,147,227.6,39.241859,51.8,107,32.619648
5,Denmark,184,0,0,0,148.8,228.5,39.438114,56,88.8,38.674034
5,Denmark,185,0,0,0,153.3,220.1,41.055168,56.3,105.3,34.839108
5,Denmark,186,0,0,0,162.8,231.4,41.298832,49.9,117.8,29.755516
5,Denmark,187,0,0,0,156.6,233.4,40.153847,51.5,113.6,31.193216
5,Denmark,188,0,0,0,152.9,216.4,41.402653,60.8,116.8,34.234234
5,Denmark,189,0,0,0,143.7,209.3,40.708214,61.4,125.4,32.869377
5,Denmark,190,0,0,0,132.4,196.7,40.230934,69.3,123.1,36.018711
5,Denmark,191,0,0,0,146.3,211.5,40.888763,64.3,117.7,35.32967
5,Denmark,192,0,0,0,154.2,219,41.318329,59.3,117.4,33.559704
5,Denmark,193,0,0,0,151.2,222.7,40.438622,54.5,114.4,32.267612
5,Denmark,194,0,0,0,148.3,227.9,39.420521,65.2,129.2,33.539093
5,Denmark,195,0,0,0,149.7,224.3,40.026737,63.1,121.7,34.145023
5,Denmark,196,0,0,0,156.1,221.5,41.340042,46.7,98.4,32.1847
5,Denmark,197,0,0,0,158.9,218,42.159725,53.3,91.9,36.707989
5,Denmark,198,0,0,0,170,221.6,43.411644,54.9,101.1,35.192307
5,Denmark,199,0,0,0,161.8,230.4,41.254463,51.4,104.3,33.012203
5,Denmark,200,0,0,0,157,235.2,40.030598,43,107,28.666666
5,Denmark,201,0,0,0,165.3,233.1,41.490963,46.1,104,30.712858
5,Denmark,202,0,0,0,175,234.7,42.71418,43.3,104.2,29.355932
5,Denmark,203,0,0,0,167.9,235.3,41.641865,42.5,100.3,29.761906
5,Denmark,204,0,0,0,258.7,284.2,47.651501,52.5,92.1,36.307053
5,Denmark,205,0,0,0,258.7,278.7,48.139187,53.3,95.3,35.868103
5,Denmark,206,0,0,0,269.1,272,49.732029,58.9,89,39.824207
5,Denmark,207,0,0,0,274.1,281.4,49.342934,45.7,84.4,35.126827
5,Denmark,208,0,0,0,276.3,291.1,48.695805,46.7,83.9,35.758041
5,Denmark,209,0,0,0,285.3,290.1,49.582897,53.7,85,38.716656
5,Denmark,210,0,0,0,294.2,282.2,51.040943,53,88.5,37.45583
5,Denmark,211,1,0,1,305.8,293.2,51.051754,50.9,89.1,36.357143
5,Denmark,212,1,0,1,289.8,302.1,48.960972,50.8,77.2,39.6875
5,Denmark,213,1,0,1,305.1,293.2,50.994484,51.2,80.6,38.846737
5,Denmark,214,1,0,1,306.4,280.7,52.188725,56.5,85.9,39.676968
5,Denmark,215,1,0,1,299.6,292.5,50.59956,54.6,89.5,37.890354
5,Denmark,216,1,0,1,296,299.8,49.681103,50.2,80.8,38.32061
5,Denmark,217,1,0,1,297.8,297.4,50.033604,58.1,94.5,38.073395
5,Denmark,218,1,0,1,302.8,280.2,51.938251,65.4,102.4,38.974972
5,Denmark,219,1,0,1,306.6,282.2,52.07201,54.8,99.2,35.584415
5,Denmark,220,1,0,1,301.7,277,52.134094,52.5,94.4,35.738598
5,Denmark,221,1,0,1,306.2,275,52.684101,60.2,99.9,37.601498
5,Denmark,222,1,0,1,297,279,51.5625,61.8,107.2,36.568047
5,Denmark,223,1,0,1,311.2,286.9,52.031433,58.3,101.9,36.39201
5,Denmark,224,1,0,1,280.4,285.6,49.540634,58.3,93,38.532715
5,Denmark,225,1,0,1,285.6,282.5,50.272839,62,113.3,35.367939
5,Denmark,226,1,0,1,296.4,297.6,49.898991,63.7,112.6,36.131596
5,Denmark,227,1,0,1,285.8,296.2,49.106529,59.1,113.8,34.181606
5,Denmark,228,1,0,1,281.9,274.5,50.664989,52.5,95.2,35.545025
5,Denmark,229,1,0,1,308.9,297.8,50.914783,53.5,110.5,32.621952
5,Denmark,230,1,0,1,310.8,295,51.304062,59.8,109.9,35.238655
5,Denmark,231,1,0,1,322.8,290.4,52.64188,59.9,115.8,34.092201
5,Denmark,232,1,0,1,309.8,307.3,50.20256,54.4,104.2,34.300125
5,Denmark,233,1,0,1,324.7,299.1,52.051941,68.2,104.4,39.513325
5,Denmark,234,1,0,1,342.6,306.1,52.81332,66.9,116.8,36.418072
5,Denmark,235,1,0,1,331.2,312.7,51.436558,62,111.5,35.734871
5,Denmark,236,1,0,1,329.2,310.2,51.485767,61.6,106.4,36.666668
6,Estonia,172,0,0,0,49.3,25.6,65.821098,27.5,22,55.555557
6,Estonia,173,0,0,0,41.9,25.8,61.890694,29.2,28,51.04895
6,Estonia,174,0,0,0,49.1,31.8,60.692211,34.7,28.8,54.645668
6,Estonia,175,0,0,0,42.9,24,64.125557,31.8,21.2,60
6,Estonia,176,0,0,0,45.5,22.7,66.715546,38.1,28.6,57.121441
6,Estonia,177,0,0,0,48.9,19.8,71.179039,34.1,25.7,57.023411
6,Estonia,178,0,0,0,48.6,24.9,66.122452,35.2,19.9,63.883846
6,Estonia,179,0,0,0,51.9,30.8,62.756954,35.8,24.1,59.766277
6,Estonia,180,0,0,0,42.1,24.5,63.213215,34.6,23.5,59.552494
6,Estonia,181,0,0,0,54.1,24,69.270164,37.9,26,59.311424
6,Estonia,182,0,0,0,53.6,30.7,63.582443,34.9,20.9,62.544804
6,Estonia,183,0,0,0,55.4,21.7,71.854736,32.1,21.8,59.554729
6,Estonia,184,0,0,0,53,24.2,68.652847,29.3,22.7,56.346153
6,Estonia,185,0,0,0,59.6,26.7,69.061417,26.2,17.7,59.681095
6,Estonia,186,0,0,0,58.2,34.7,62.64801,28.9,23.1,55.576923
6,Estonia,187,0,0,0,52.7,24.9,67.912369,28,30.6,47.78157
6,Estonia,188,0,0,0,55.1,24.6,69.134254,28.2,22,56.175301
6,Estonia,189,0,0,0,59.1,24.5,70.693779,30.8,21.3,59.117081
6,Estonia,190,0,0,0,57.1,29.2,66.164543,30.3,25.8,54.010696
6,Estonia,191,0,0,0,58.9,25.4,69.869514,30.2,28.8,51.18644
6,Estonia,192,0,0,0,56.7,24.4,69.913689,30.3,24.5,55.291969
6,Estonia,193,0,0,0,49.1,21,70.042793,34.9,22.3,61.013985
6,Estonia,194,0,0,0,53.8,26.2,67.25,31.3,24.9,55.693951
6,Estonia,195,0,0,0,55.3,31.8,63.490242,27.2,18.7,59.259258
6,Estonia,196,0,0,0,63.8,22.7,73.757225,24.9,17.1,59.285713
6,Estonia,197,0,0,0,59.2,25.9,69.565216,24.8,19.7,55.730335
6,Estonia,198,0,0,0,52.9,29.7,64.043587,27.3,16.6,62.186787
6,Estonia,199,0,0,0,53.7,29.8,64.311378,22.6,15.9,58.701298
6,Estonia,200,0,0,0,62.6,30,67.602592,23.6,16.7,58.560795
6,Estonia,201,0,0,0,65.2,30.8,67.916664,25,19.5,56.179775
6,Estonia,202,0,0,0,66.6,30.7,68.448097,23.3,15.8,59.590794
6,Estonia,203,0,0,0,63.9,27.5,69.912476,23.7,16.4,59.102245
6,Estonia,204,0,0,0,62.1,32.6,65.5755,21.9,15.5,58.556149
6,Estonia,205,0,0,0,66.5,33.1,66.767067,19.6,21,48.275864
6,Estonia,206,0,0,0,69.8,37.9,64.809654,23.3,23.1,50.215519
6,Estonia,207,0,0,0,67.2,33.2,66.932274,23.8,17.9,57.074341
6,Estonia,208,0,0,0,60.5,27.4,68.828217,20.6,12.9,61.492538
6,Estonia,209,0,0,0,65.1,33.3,66.158539,24.1,16.4,59.506172
6,Estonia,210,0,0,0,74.4,38.4,65.957443,23.2,17.6,56.862743
6,Estonia,211,0,0,0,70.4,30.7,69.634026,22,15.4,58.823528
6,Estonia,212,0,0,0,63.6,31.1,67.159454,25,14.3,63.613232
6,Estonia,213,0,0,0,70.1,40,63.669392,31.4,18,63.562752
6,Estonia,214,0,0,0,70.1,35.3,66.508537,27.1,20.1,57.415253
6,Estonia,215,0,0,0,71.8,35.1,67.165573,22.6,16.1,58.397934
6,Estonia,216,0,0,0,67.5,36,65.217392,20.8,18.4,53.061226
6,Estonia,217,0,0,0,68.3,36.4,65.234001,26.6,18.2,59.375
6,Estonia,218,0,0,0,70,33.9,67.372475,24.7,16.4,60.097324
6,Estonia,219,0,0,0,63.9,32.6,66.217613,20.9,19.9,51.225491
6,Estonia,220,0,0,0,68,39.3,63.373718,21.7,18.6,53.846153
6,Estonia,221,0,0,0,73.5,43.2,62.982006,19.9,17.4,53.351208
6,Estonia,222,0,0,0,76,36.7,67.435669,24.1,16.6,59.21376
6,Estonia,223,0,0,0,63.5,36.2,63.691074,24.6,15.2,61.809044
6,Estonia,224,0,0,0,73.6,44.1,62.53186,21.4,14.6,59.444443
6,Estonia,225,0,0,0,74,47.2,61.056107,23.2,17.9,56.447689
6,Estonia,226,0,0,0,74.7,39.1,65.641479,22.6,17.2,56.78392
6,Estonia,227,0,0,0,69.3,27.2,71.813469,26.2,17.3,60.229885
6,Estonia,228,0,0,0,69.7,41.1,62.906136,22.8,17.6,56.435642
6,Estonia,229,0,0,0,71.8,46.2,60.847458,25.2,21.6,53.846153
6,Estonia,230,0,0,0,71.8,42.5,62.817146,24.8,24.4,50.406506
6,Estonia,231,0,0,0,80.9,41.1,66.311478,26.1,21,55.414013
6,Estonia,232,0,0,0,71.7,41.5,63.339222,23.9,16.6,59.012344
6,Estonia,233,0,0,0,75.4,45.5,62.365593,22.7,21.2,51.708427
6,Estonia,234,0,0,0,75.4,42.9,63.736263,19.3,17,53.168045
6,Estonia,235,0,0,0,76.8,48.7,61.195221,22.4,13.8,61.878452
6,Estonia,236,0,0,0,77.1,40.4,65.61702,21.7,15.6,58.176945
7,France,172,0,0,0,1128.8,1692.1,40.015598,625.1,683.6,47.764957
7,France,173,0,0,0,1125.2,1706.1,39.741463,626.9,687.1,47.709286
7,France,174,0,0,0,1058.7,1671.1,38.783062,667.1,730.4,47.735241
7,France,175,0,0,0,1073.2,1666,39.179321,593.9,765.7,43.681965
7,France,176,0,0,0,1066.6,1692.6,38.656132,604.4,742.5,44.873413
7,France,177,0,0,0,1076.5,1700.2,38.769043,591.8,780.6,43.12154
7,France,178,0,0,0,1072.1,1675,39.026611,601.6,820.5,42.303635
7,France,179,0,0,0,1099.8,1699.8,39.284184,581.4,791.2,42.357571
7,France,180,0,0,0,1135.1,1735.3,39.54501,568.4,762.9,42.69511
7,France,181,0,0,0,1140.4,1730.3,39.725502,609,765.8,44.297352
7,France,182,0,0,0,1137.4,1731.4,39.64724,633.8,808.1,43.955891
7,France,183,0,0,0,1155.4,1743.9,39.850998,623.1,754.7,45.22427
7,France,184,0,0,0,1184.2,1782,39.923134,624.2,731.9,46.029053
7,France,185,0,0,0,1174.5,1767.6,39.920464,664.1,737.1,47.395088
7,France,186,0,0,0,1132.4,1761.1,39.135994,684.6,811.6,45.755917
7,France,187,0,0,0,1151.1,1806.5,38.920071,653.3,723.9,47.436829
7,France,188,0,0,0,1126.6,1812,38.337982,663.8,711.5,48.265835
7,France,189,0,0,0,1170.2,1792.2,39.501755,659.9,775.1,45.986061
7,France,190,0,0,0,1142.3,1791.9,38.930542,703.4,808.9,46.511936
7,France,191,0,0,0,1208.1,1829.7,39.768913,655.3,780.2,45.649601
7,France,192,0,0,0,1255,1819.8,40.815662,668.5,792.9,45.743809
7,France,193,0,0,0,1263.6,1817.4,41.012657,685.2,795.5,46.27541
7,France,194,0,0,0,1235.4,1796.3,40.749416,709.2,823,46.286385
7,France,195,0,0,0,1273,1803.6,41.376846,682,800.4,46.006477
7,France,196,0,0,0,1299.9,1808.4,41.820286,660.2,764.9,46.326572
7,France,197,0,0,0,1289.5,1773.8,42.095127,702.9,785.1,47.237904
7,France,198,0,0,0,1252.9,1796.2,41.090813,698.4,770.1,47.558735
7,France,199,0,0,0,1224.4,1856.8,39.737766,668,711.6,48.41983
7,France,200,0,0,0,1243.3,1854.3,40.137527,654.4,691.4,48.625355
7,France,201,0,0,0,1234.7,1866.6,39.812336,674.8,722.2,48.303509
7,France,202,0,0,0,1241.2,1897.5,39.545036,710.6,768.5,48.042728
7,France,203,0,0,0,1244.1,1888.1,39.719685,674.2,715.1,48.528034
7,France,204,1,1,0,1500,2050.7,42.24519,608.4,883.8,40.772015
7,France,205,1,1,0,1529.8,2000,43.339565,634.1,901.5,41.293304
7,France,206,1,1,0,1520.3,2041.5,42.683475,658.2,961.2,40.644684
7,France,207,1,1,0,1572.9,2055.8,43.346104,600.1,901.2,39.972023
7,France,208,1,1,0,1578.5,2043.1,43.585709,597,892,40.094025
7,France,209,1,1,0,1605.4,2078.8,43.575268,596.7,930.5,39.071503
7,France,210,1,1,0,1621.8,2078.6,43.827694,607.7,976.2,38.367321
7,France,211,1,1,0,1662.8,2116,44.003387,546.2,935.3,36.868038
7,France,212,1,1,0,1630.4,2121.8,43.451843,589.3,831,41.491234
7,France,213,1,1,0,1663.1,2094.9,44.254921,645.8,839.9,43.467724
7,France,214,1,1,0,1655.7,2009.1,45.178455,702.9,829.7,45.863239
7,France,215,1,1,0,1612.4,1994.8,44.69949,711.2,789.7,47.384903
7,France,216,1,1,0,1696.6,1966,46.322285,739.3,755.1,49.471359
7,France,217,1,1,0,1691.9,1982.8,46.041855,758.6,759,49.98682
7,France,218,1,1,0,1732.1,1960.1,46.912411,765.7,797,48.998528
7,France,219,1,1,0,1739.6,1980.3,46.764698,746.4,726.9,50.661781
7,France,220,1,1,0,1760.6,1996.2,46.864353,748,732.2,50.53371
7,France,221,1,1,0,1814.4,1998.2,47.589573,764,757.5,50.213604
7,France,222,1,1,0,1836.4,2014.7,47.685078,775.1,788.5,49.571503
7,France,223,1,1,0,1873.4,2052.8,47.715347,748.2,774,49.152542
7,France,224,1,1,0,1861.7,2044.2,47.663792,739.6,729.6,50.340321
7,France,225,1,1,0,1856,2103.1,46.879341,767.7,715.5,51.759708
7,France,226,1,1,0,1859.7,2082.7,47.171772,790.3,772.7,50.563019
7,France,227,1,1,0,1933.3,2081.9,48.149532,759.4,742.2,50.572723
7,France,228,1,1,0,1934.2,2113.7,47.782803,713.8,757.8,48.505028
7,France,229,1,1,0,1925.5,2154.4,47.194786,702.8,795.2,46.91589
7,France,230,1,1,0,1955.6,2125.7,47.916103,738.4,839.2,46.805275
7,France,231,1,1,0,1983.1,2149.5,47.98674,719.8,833.2,46.349003
7,France,232,1,1,0,1997.6,2173,47.897186,678,768.1,46.884724
7,France,233,1,1,0,2023.5,2188,48.047012,680.7,796.1,46.092903
7,France,234,1,1,0,2057.3,2204.1,48.277561,720,815.3,46.896374
7,France,235,1,1,0,2068.2,2241.4,47.990532,722.9,790.2,47.776089
7,France,236,1,1,0,2142.4,2249.1,48.785152,647.4,712.2,47.616947
8,Greece,172,0,0,0,244.4,275.3,47.02713,109.9,136.1,44.674797
8,Greece,173,0,0,0,252.4,271,48.223156,126.2,140.5,47.319084
8,Greece,174,0,0,0,244.7,271.6,47.394924,129.8,140.1,48.091885
8,Greece,175,0,0,0,241.7,279.5,46.373753,117.5,134.1,46.701115
8,Greece,176,0,0,0,269.9,317.4,45.95607,120.1,118.3,50.377518
8,Greece,177,0,0,0,270,316.6,46.027958,126.1,120,51.239334
8,Greece,178,0,0,0,266.8,308.3,46.391933,131.1,116.1,53.033981
8,Greece,179,0,0,0,272.2,310.1,46.745663,122.2,114.2,51.692047
8,Greece,180,0,0,0,269.3,308.5,46.607822,118.1,114.2,50.839432
8,Greece,181,0,0,0,273.3,312.3,46.670082,128.2,123.4,50.953896
8,Greece,182,0,0,0,269.4,311.6,46.368332,131.9,123.1,51.725491
8,Greece,183,0,0,0,277.1,316.6,46.673405,126.5,126.3,50.039558
8,Greece,184,0,0,0,284.3,320,47.046169,112.8,130.3,46.400658
8,Greece,185,0,0,0,282.8,322.4,46.728355,124.2,131.9,48.496681
8,Greece,186,0,0,0,284.5,329.3,46.350601,134.8,132.8,50.373692
8,Greece,187,0,0,0,292.5,332.2,46.822475,128.1,126.7,50.274727
8,Greece,188,0,0,0,295.4,319.9,48.009102,121.2,125.2,49.188313
8,Greece,189,0,0,0,292.6,323.8,47.469177,129.8,121.3,51.692554
8,Greece,190,0,0,0,292.8,327.8,47.180149,145.8,125,53.840473
8,Greece,191,0,0,0,305.3,338.1,47.451042,132.9,129.2,50.705837
8,Greece,192,0,0,0,309.2,333.3,48.124512,128.9,131.5,49.500767
8,Greece,193,0,0,0,307.9,331.5,48.154518,138,135.5,50.457039
8,Greece,194,0,0,0,311.1,341.8,47.648952,141.1,134.6,51.178818
8,Greece,195,0,0,0,316.8,338.3,48.359028,132.4,134.6,49.588017
8,Greece,196,0,0,0,319.2,329.6,49.198521,125.1,132.4,48.582523
8,Greece,197,0,0,0,310.4,323.9,48.935833,144.9,139.2,51.003166
8,Greece,198,0,0,0,304.6,320.4,48.736,153,146.6,51.068092
8,Greece,199,0,0,0,317.8,322,49.671772,142,144.8,49.511856
8,Greece,200,0,0,0,322.7,324.1,49.891773,132.6,142.9,48.130672
8,Greece,201,0,0,0,316.1,318.3,49.826607,149.9,143.1,51.160408
8,Greece,202,0,0,0,307.5,315,49.397591,158.2,145,52.176781
8,Greece,203,0,0,0,318.2,313.1,50.403927,142.1,140.7,50.247524
8,Greece,204,0,0,0,356.8,341.1,51.124802,135.7,117.3,53.636364
8,Greece,205,0,0,0,352.1,334.7,51.266743,143.2,123.2,53.753754
8,Greece,206,0,0,0,339.1,337.8,50.096027,139.2,113.6,55.06329
8,Greece,207,0,0,0,330.6,329.6,50.075733,115,108.3,51.500225
8,Greece,208,0,0,0,334.1,333.1,50.07494,104.4,104.1,50.071941
8,Greece,209,0,0,0,329.4,335.5,49.541283,100.9,96.8,51.036926
8,Greece,210,0,0,0,315.2,324.5,49.273098,105.3,91.2,53.587788
8,Greece,211,0,0,0,308.2,330.7,48.239162,93.3,89.6,51.011482
8,Greece,212,0,0,0,317.5,320.1,49.796112,83.5,86,49.262535
8,Greece,213,0,0,0,324.2,326.2,49.846249,90.5,85.6,51.391254
8,Greece,214,0,0,0,325.6,326.9,49.900383,91.6,83.6,52.283104
8,Greece,215,0,0,0,323,321.1,50.147491,86.7,89.7,49.149658
8,Greece,216,0,0,0,314.6,314,50.047726,83.9,86.9,49.12178
8,Greece,217,0,0,0,317.7,309.5,50.653698,98.3,89.4,52.370804
8,Greece,218,0,0,0,304.1,304.9,49.934319,107.6,95.2,53.057198
8,Greece,219,0,0,0,309.2,302.5,50.547653,94,90.8,50.865803
8,Greece,220,0,0,0,304.5,289.6,51.253998,86.6,94.5,47.818886
8,Greece,221,0,0,0,318.2,306.3,50.952763,107.7,97.4,52.510971
8,Greece,222,0,0,0,319.1,309.2,50.787842,110.6,105,51.298702
8,Greece,223,0,0,0,325.8,308.7,51.347519,95.8,104.5,47.828259
8,Greece,224,0,0,0,336.1,312.3,51.835285,83,102.4,44.76807
8,Greece,225,0,0,0,335.7,308.9,52.078808,100.5,107.3,48.363811
8,Greece,226,0,0,0,339.4,318.2,51.611923,109,110.9,49.567986
8,Greece,227,0,0,0,344.9,324.4,51.531452,87.1,106.9,44.896908
8,Greece,228,0,0,0,343.1,323.5,51.470146,87.4,103.4,45.807129
8,Greece,229,0,0,0,348.5,329.2,51.423935,111.9,114.2,49.491375
8,Greece,230,0,0,0,338.1,334.8,50.245209,117.8,118.1,49.936413
8,Greece,231,0,0,0,348.9,333.9,51.098419,92.8,112.2,45.268291
8,Greece,232,0,0,0,342.5,334.7,50.575901,84.9,107.6,44.103897
8,Greece,233,0,0,0,343.7,342.5,50.087437,104,114.9,47.510277
8,Greece,234,0,0,0,340.4,341,49.955975,109.1,122,47.209
8,Greece,235,0,0,0,350.9,350.9,50,91.1,118.7,43.422306
8,Greece,236,0,0,0,362.2,346.7,51.093243,81.4,116.6,41.111111
9,Hungary,172,0,0,0,241.9,169.9,58.742107,149.3,94.5,61.23872
9,Hungary,173,0,0,0,249.5,181.7,57.861782,152.3,105.8,59.008137
9,Hungary,174,0,0,0,254,181.4,58.337162,150.3,116.1,56.418919
9,Hungary,175,0,0,0,267.3,185.3,59.058773,149.5,114.4,56.650246
9,Hungary,176,0,0,0,285.3,211.5,57.427536,148.6,116.9,55.969868
9,Hungary,177,0,0,0,282.1,213.3,56.943882,151.6,129,54.027084
9,Hungary,178,0,0,0,281.1,215.6,56.593517,152,136.2,52.741154
9,Hungary,179,0,0,0,277,213.7,56.44997,150.9,131.1,53.510639
9,Hungary,180,0,0,0,275.5,208.3,56.945019,150.3,122.2,55.155964
9,Hungary,181,0,0,0,273.8,201.6,57.593605,152.7,129.8,54.053097
9,Hungary,182,0,0,0,279.7,205.7,57.622578,157,138.6,53.112312
9,Hungary,183,0,0,0,280.2,207.4,57.465134,159.3,129.8,55.102039
9,Hungary,184,0,0,0,293.1,218.2,57.324467,150.5,114.9,56.706856
9,Hungary,185,0,0,0,292.9,219.4,57.173531,155,128.3,54.712318
9,Hungary,186,0,0,0,285.1,219.7,56.477814,151.5,125.5,54.693142
9,Hungary,187,0,0,0,282.9,221.1,56.130951,148.4,123.3,54.619064
9,Hungary,188,0,0,0,285.3,225.4,55.864498,143.5,113.1,55.923618
9,Hungary,189,0,0,0,284.6,224.8,55.869652,149.2,119.4,55.547283
9,Hungary,190,0,0,0,281.1,223,55.762745,149.1,129,53.613808
9,Hungary,191,0,0,0,286.6,219.6,56.617939,143.1,120.9,54.204544
9,Hungary,192,0,0,0,279.7,229.8,54.896957,141.7,113.2,55.590427
9,Hungary,193,0,0,0,294.3,233.3,55.780895,142.4,123.1,53.634651
9,Hungary,194,0,0,0,297.3,223.5,57.085255,149.3,126.4,54.153065
9,Hungary,195,0,0,0,294.5,221.4,57.084705,143.5,123.8,53.684998
9,Hungary,196,0,0,0,295,225.8,56.643623,139,108.5,56.161617
9,Hungary,197,0,0,0,298.1,232.3,56.202866,144.2,121.4,54.292168
9,Hungary,198,0,0,0,304.2,231.4,56.796116,147.9,131.5,52.93486
9,Hungary,199,0,0,0,294.7,228,56.380333,156.6,125.9,55.433628
9,Hungary,200,0,0,0,299.7,236.9,55.851658,145.5,111.8,56.548775
9,Hungary,201,0,0,0,297.1,234,55.940502,155.6,132.3,54.046543
9,Hungary,202,0,0,0,292.3,237.8,55.140541,153.6,147.7,50.979092
9,Hungary,203,0,0,0,293.2,238.7,55.123142,147.2,139,51.432564
9,Hungary,204,0,0,0,293.9,263.8,52.698582,128.2,120.7,51.50663
9,Hungary,205,0,0,0,297.8,270.2,52.429577,135.8,136.1,49.944832
9,Hungary,206,0,0,0,306.3,266.8,53.446171,140,143.3,49.41758
9,Hungary,207,0,0,0,309.2,268.2,53.5504,137.2,136.4,50.146198
9,Hungary,208,0,0,0,309.5,271,53.316109,132.4,126.5,51.139435
9,Hungary,209,0,0,0,307.6,273,52.979675,146.6,151.1,49.244205
9,Hungary,210,0,0,0,323.4,272,54.316425,153.3,159.1,49.071701
9,Hungary,211,0,0,0,329.4,272,54.772198,141.4,157.8,47.259357
9,Hungary,212,0,0,0,328.2,276.7,54.256901,135.7,127.1,51.636227
9,Hungary,213,0,0,0,329,275.5,54.425144,159.6,171.1,48.261265
9,Hungary,214,0,0,0,320.3,281.5,53.223663,156.9,176.2,47.102974
9,Hungary,215,0,0,0,316.9,276.8,53.377125,166.7,173.8,48.957417
9,Hungary,216,0,0,0,320.2,280.8,53.27787,161.3,166.3,49.236874
9,Hungary,217,0,0,0,325.7,279.7,53.799141,175.6,181.6,49.160133
9,Hungary,218,0,0,0,331.9,287.3,53.601421,178.9,193.1,48.091396
9,Hungary,219,0,0,0,331.2,285.9,53.670395,177,190.4,48.176376
9,Hungary,220,0,0,0,331.7,295,52.928036,171.8,172.8,49.854904
9,Hungary,221,0,0,0,336.1,298.1,52.995899,188.6,194.9,49.178619
9,Hungary,222,0,0,0,338.1,304,52.65535,197.1,210,48.415623
9,Hungary,223,0,0,0,340.6,300.9,53.094311,198.7,204.2,49.317448
9,Hungary,224,0,0,0,344.8,301.1,53.382877,199.7,192,50.982895
9,Hungary,225,0,0,0,338.4,295.5,53.383816,214.8,205.2,51.142857
9,Hungary,226,0,0,0,337.5,286.4,54.095207,222.6,203.9,52.192261
9,Hungary,227,0,0,0,345.4,295.7,53.876152,229.6,196.6,53.871422
9,Hungary,228,0,0,0,329.2,307.8,51.679749,217.2,188.4,53.550297
9,Hungary,229,0,0,0,317.5,313,50.356861,216.9,203.4,51.605995
9,Hungary,230,0,0,0,320.9,302.2,51.500561,223.1,207.2,51.847549
9,Hungary,231,0,0,0,318.6,297.5,51.712383,214.8,207.2,50.900475
9,Hungary,232,0,0,0,341.7,320,51.639717,191.3,200.1,48.875832
9,Hungary,233,0,0,0,336.3,308.4,52.163795,197.1,214.8,47.851421
9,Hungary,234,0,0,0,339.2,311.5,52.128475,185.9,205.8,47.459789
9,Hungary,235,0,0,0,350.8,310.1,53.079136,194.6,202.3,49.029984
9,Hungary,236,0,0,0,357.1,336,51.522148,188.8,188.8,50
10,Italy,172,0,0,0,1173.4,967.1,54.818966,548.1,962.9,36.273991
10,Italy,173,0,0,0,1182.1,960.5,55.171288,552.5,946.5,36.857906
10,Italy,174,0,0,0,1109,961.9,53.551598,543.9,983.1,35.618862
10,Italy,175,0,0,0,1106.3,947,53.87912,561.1,982.2,36.357155
10,Italy,176,0,0,0,895.4,1196.7,42.799103,535.3,1001.2,34.838921
10,Italy,177,0,0,0,882.7,1149.6,43.433548,542.5,1011.9,34.900925
10,Italy,178,0,0,0,854.9,1128.8,43.096233,653.8,1045,38.485989
10,Italy,179,0,0,0,868,1158.3,42.836697,653.5,977.2,40.074814
10,Italy,180,0,0,0,857.2,1167.3,42.34132,572,967.6,37.152508
10,Italy,181,0,0,0,878.5,1132.4,43.686905,563.3,1042.9,35.070351
10,Italy,182,0,0,0,838.7,1099.8,43.265411,616.4,1058.7,36.797802
10,Italy,183,0,0,0,842,1111.8,43.095505,616.1,1045,37.089882
10,Italy,184,0,0,0,855,1111.7,43.473839,518.2,1002.4,34.078651
10,Italy,185,0,0,0,880.5,1118,44.058044,567.8,1006.9,36.057663
10,Italy,186,0,0,0,816.3,1126.3,42.021004,602.3,1033.9,36.810902
10,Italy,187,0,0,0,824.5,1140.2,41.965694,588.8,1034.8,36.265091
10,Italy,188,0,0,0,869.8,1160,42.851513,519.9,939.7,35.619347
10,Italy,189,0,0,0,898.7,1165.8,43.53112,520.3,991,34.427315
10,Italy,190,0,0,0,860.6,1143.5,42.941971,566.9,1043.8,35.195877
10,Italy,191,0,0,0,884.7,1196.8,42.503002,567.9,1018.5,35.798035
10,Italy,192,0,0,0,940.1,1234.1,43.238892,502.4,1018.2,33.039589
10,Italy,193,0,0,0,961.1,1209.2,44.284199,526.3,994.3,34.611336
10,Italy,194,0,0,0,885.7,1172.6,43.030655,623.6,984,38.790745
10,Italy,195,0,0,0,903.7,1235.7,42.240814,639,995.9,39.084961
10,Italy,196,0,0,0,905.7,1208.1,42.847004,566.3,960.4,37.093075
10,Italy,197,0,0,0,938.1,1171.4,44.470253,562,974.4,36.579018
10,Italy,198,0,0,0,899.4,1169,43.482883,631,962.9,39.588432
10,Italy,199,0,0,0,864.2,1167.8,42.529526,674.5,1037.4,39.400665
10,Italy,200,0,0,0,822.8,1153.3,41.637569,602.8,967.5,38.387569
10,Italy,201,0,0,0,874.7,1146.2,43.282696,621.3,924,40.205784
10,Italy,202,0,0,0,897.1,1135.1,44.144276,643.1,971.9,39.820435
10,Italy,203,0,0,0,868.2,1131.5,43.416512,684.8,1042.7,39.641098
10,Italy,204,0,0,0,1411.9,1283.3,52.385723,525.1,934.9,35.965752
10,Italy,205,0,0,0,1445,1278.4,53.058678,524.9,970.1,35.110367
10,Italy,206,1,1,0,1341.2,1237,52.02079,581.6,1017.4,36.372734
10,Italy,207,1,1,0,1375.2,1278,51.831749,575.4,1007.2,36.357891
10,Italy,208,1,1,0,1370.8,1280.7,51.699039,514.8,938.4,35.42527
10,Italy,209,1,1,0,1421.5,1276.6,52.685223,532.2,973.2,35.35273
10,Italy,210,1,1,0,1377,1303,51.380596,547.7,1035.6,34.592308
10,Italy,211,1,1,0,1412.9,1322.9,51.644855,535.7,1016.8,34.505634
10,Italy,212,1,1,0,1409,1336.4,51.322212,494.4,973.4,33.683064
10,Italy,213,1,1,0,1412.5,1354.5,51.048065,528.6,999.9,34.582924
10,Italy,214,1,1,0,1319.6,1374.4,48.982925,542.4,1018.6,34.746956
10,Italy,215,1,1,0,1390.6,1362.5,50.510334,503.8,1014,33.19278
10,Italy,216,1,1,0,1432.1,1384.4,50.846794,447.6,981.8,31.313837
10,Italy,217,1,1,0,1431.3,1381,50.894287,478.9,976.9,32.896004
10,Italy,218,1,1,0,1345.3,1350.9,49.896149,499.8,1058.3,32.07753
10,Italy,219,1,1,0,1442.6,1365.8,51.367325,509.5,1107.9,31.501175
10,Italy,220,1,1,0,1501.3,1376,52.177387,447.3,1015,30.588799
10,Italy,221,1,1,0,1469.7,1369.2,51.77005,479.9,1044.1,31.489502
10,Italy,222,1,1,0,1332.5,1367.1,49.359165,504.3,1134,30.781908
10,Italy,223,1,1,0,1438.2,1408.5,50.521656,490.5,1092.2,30.991344
10,Italy,224,1,1,0,1509.4,1410.4,51.69532,442.4,1067.6,29.298014
10,Italy,225,1,1,0,1531.6,1417.6,51.932728,475.6,1148,29.292929
10,Italy,226,1,1,0,1432.2,1391.5,50.720684,512.9,1217.2,29.645685
10,Italy,227,1,1,0,1452.8,1428.6,50.419933,476.8,1124.8,29.770229
10,Italy,228,1,1,0,1525.7,1436.1,51.512592,425.4,1093.9,27.999737
10,Italy,229,1,1,0,1590.1,1436.9,52.53056,465.8,1173.7,28.4111
10,Italy,230,1,1,0,1496.4,1413,51.433285,482.4,1205.5,28.579893
10,Italy,231,1,1,0,1549.9,1420.3,52.181671,513.2,1152.5,30.80987
10,Italy,232,1,1,0,1562.5,1445.9,51.937908,476.9,1064.6,30.937399
10,Italy,233,1,1,0,1593.2,1486,51.740711,506.6,1138,30.803843
10,Italy,234,1,1,0,1509.9,1453.5,50.951611,503.2,1202.1,29.508005
10,Italy,235,1,1,0,1614,1480.9,52.150311,500,1191.7,29.556068
10,Italy,236,1,1,0,1621.8,1464,52.556873,470.3,1109.5,29.76959
11,Latvia,172,0,0,0,65.7,35.3,65.049507,57,62.4,47.738693
11,Latvia,173,0,0,0,59.1,37.5,61.180122,51,64.1,44.309296
11,Latvia,174,0,0,0,59.5,32.9,64.393936,57.8,60.9,48.694187
11,Latvia,175,0,0,0,57.6,32.6,63.858093,50.2,62.3,44.622223
11,Latvia,176,0,0,0,62.3,42,59.731544,50.2,57.4,46.654274
11,Latvia,177,0,0,0,63.2,34.5,64.68782,49.7,58.3,46.01852
11,Latvia,178,0,0,0,60,38.4,60.975609,49.1,52.6,48.279251
11,Latvia,179,0,0,0,68.1,36,65.41787,48.3,46.7,50.842106
11,Latvia,180,0,0,0,61.3,37.5,62.044533,54.5,51.4,51.463646
11,Latvia,181,0,0,0,65.7,39.3,62.57143,45.6,58.2,43.930637
11,Latvia,182,0,0,0,68.6,34.8,66.344292,50.9,51.2,49.853085
11,Latvia,183,0,0,0,70.2,28.5,71.124619,48.6,61.3,44.222019
11,Latvia,184,0,0,0,76.6,40,65.694679,47.7,43.1,52.533039
11,Latvia,185,0,0,0,77.1,32.4,70.410957,55.6,66.5,45.536446
11,Latvia,186,0,0,0,86.4,47.1,64.719101,56.5,58,49.344978
11,Latvia,187,0,0,0,97.2,40,70.845482,57.5,66.5,46.370968
11,Latvia,188,0,0,0,91.3,40,69.535416,51.8,60.4,46.167557
11,Latvia,189,0,0,0,85,49,63.432835,58.8,66.4,46.964855
11,Latvia,190,0,0,0,85,44.1,65.840431,56.8,65.4,46.481178
11,Latvia,191,0,0,0,94.9,48.2,66.317261,53,58.9,47.363716
11,Latvia,192,0,0,0,100.2,43.2,69.874474,58.2,69.9,45.433254
11,Latvia,193,0,0,0,87.2,47.4,64.784546,55.9,69.3,44.648563
11,Latvia,194,0,0,0,86.5,50.5,63.138687,65.6,71,48.023426
11,Latvia,195,0,0,0,92.1,49.9,64.859154,57.5,61.8,48.197819
11,Latvia,196,0,0,0,107.1,51.6,67.485825,50.9,45.3,52.910603
11,Latvia,197,0,0,0,94.4,41.1,69.6679,55.6,44.2,55.711422
11,Latvia,198,0,0,0,82.5,45.9,64.252335,48.1,46.3,50.953388
11,Latvia,199,0,0,0,85.5,55,60.854092,51.1,50.3,50.394478
11,Latvia,200,0,0,0,80.2,48,62.558502,46.9,37.7,55.437351
11,Latvia,201,0,0,0,86.9,39.9,68.533127,48.7,45.3,51.80851
11,Latvia,202,0,0,0,94,38.9,70.729874,54.7,55.6,49.592022
11,Latvia,203,0,0,0,92.7,40.7,69.490257,51,54.9,48.158642
11,Latvia,204,0,0,0,86.6,43.8,66.411041,46.8,50.7,48
11,Latvia,205,0,0,0,91.2,42.7,68.110527,51.5,52.1,49.710426
11,Latvia,206,0,0,0,88.5,43.4,67.096283,61.5,56.4,52.162849
11,Latvia,207,0,0,0,92.6,42.9,68.339485,52.4,54.7,48.926239
11,Latvia,208,0,0,0,88,40.1,68.696327,41.2,48.7,45.828697
11,Latvia,209,0,0,0,86.6,47.6,64.530548,46.7,57.2,44.947063
11,Latvia,210,0,0,0,88.7,48,64.886612,50.4,52.8,48.837208
11,Latvia,211,0,0,0,98.4,44.2,69.004204,47.7,53.7,47.04142
11,Latvia,212,0,0,0,91.3,48,65.541992,53.6,48.3,52.60059
11,Latvia,213,0,0,0,90.6,47,65.843025,50.7,48.9,50.903614
11,Latvia,214,0,0,0,87.7,48.9,64.202049,47.6,49.9,48.820515
11,Latvia,215,0,0,0,83.6,50.5,62.341537,48.6,43.5,52.76873
11,Latvia,216,0,0,0,95.5,48.9,66.135735,44.1,40.4,52.18935
11,Latvia,217,0,0,0,95.3,45.8,67.540749,52.5,49.9,51.269531
11,Latvia,218,0,0,0,81.9,45.9,64.084511,50.9,50.9,50
11,Latvia,219,0,0,0,93.5,51.6,64.438316,45.8,51.1,47.265221
11,Latvia,220,0,0,0,106.5,48.2,68.842918,43.1,51,45.802338
11,Latvia,221,0,0,0,97.4,40,70.887917,48.5,56.5,46.190475
11,Latvia,222,0,0,0,85.3,43.2,66.381325,47.6,50,48.770493
11,Latvia,223,0,0,0,89.6,45.2,66.468842,42.1,45.5,48.059361
11,Latvia,224,0,0,0,99.5,47,67.918091,34.5,49.7,40.973873
11,Latvia,225,0,0,0,101.1,44.9,69.246574,47.4,58,44.971539
11,Latvia,226,0,0,0,94.4,43.1,68.654549,48,52.2,47.90419
11,Latvia,227,0,0,0,93.3,48.5,65.796898,45.2,49,47.983013
11,Latvia,228,0,0,0,94.4,46.4,67.045456,44.1,49,47.36842
11,Latvia,229,0,0,0,96.2,42.5,69.35833,46.7,51.4,47.604485
11,Latvia,230,0,0,0,94.4,44.5,67.962563,51.5,55.6,48.085899
11,Latvia,231,0,0,0,95,49.6,65.698479,46.3,51.3,47.438526
11,Latvia,232,0,0,0,95.2,45.3,67.758011,50.9,50.5,50.197239
11,Latvia,233,0,0,0,92.3,42.1,68.675598,47,47,50
11,Latvia,234,0,0,0,95.2,47,66.94796,53.3,54.5,49.443413
11,Latvia,235,0,0,0,90.1,44.7,66.83976,53.1,49.9,51.553398
11,Latvia,236,0,0,0,101.1,42.6,70.354904,44.7,58,43.52483
12,Lithuania,172,0,0,0,135.1,58.1,69.927536,57.1,59.2,49.097164
12,Lithuania,173,0,0,0,142.9,62.4,69.605453,75.1,69.9,51.793102
12,Lithuania,174,0,0,0,138.7,66.9,67.46109,67.2,71.4,48.484848
12,Lithuania,175,0,0,0,135.9,72.8,65.117393,57.4,70,45.054947
12,Lithuania,176,0,0,0,144.8,70.6,67.22377,67.5,60.3,52.816902
12,Lithuania,177,0,0,0,141.4,74.8,65.402405,69.2,69.9,49.748383
12,Lithuania,178,0,0,0,145.3,84.9,63.119026,65,79,45.138889
12,Lithuania,179,0,0,0,152,80.7,65.320152,61.8,63.9,49.164677
12,Lithuania,180,0,0,0,154.7,83.2,65.027321,59.7,66.5,47.305862
12,Lithuania,181,0,0,0,152.5,92.9,62.14344,67.2,73.4,47.795162
12,Lithuania,182,0,0,0,157.4,80.3,66.217918,69.3,69.6,49.89201
12,Lithuania,183,0,0,0,161.5,78.6,67.263641,62.2,69.9,47.085541
12,Lithuania,184,0,0,0,146.3,73.1,66.681862,52.8,67.1,44.036697
12,Lithuania,185,0,0,0,147.3,70.9,67.506874,66.9,70.8,48.583878
12,Lithuania,186,0,0,0,139.9,68.7,67.066154,64.9,69.4,48.324646
12,Lithuania,187,0,0,0,138.9,71,66.17437,58.8,69.4,45.865833
12,Lithuania,188,0,0,0,161,78.4,67.251465,59.1,67.7,46.608833
12,Lithuania,189,0,0,0,164.2,79.3,67.433266,63.9,69.9,47.757847
12,Lithuania,190,0,0,0,153.9,69.9,68.766754,72.5,71.9,50.207756
12,Lithuania,191,0,0,0,169.7,81.8,67.475151,69.9,57.6,54.823528
12,Lithuania,192,0,0,0,159.6,83,65.787308,60,47.3,55.917988
12,Lithuania,193,0,0,0,159,81.2,66.194839,66.3,56.8,53.85865
12,Lithuania,194,0,0,0,165,76.8,68.238213,69.4,52.9,56.745708
12,Lithuania,195,0,0,0,158.5,70.8,69.123421,65.3,46.9,58.199642
12,Lithuania,196,0,0,0,149.2,64.7,69.75222,55.1,39.5,58.245243
12,Lithuania,197,0,0,0,155.4,70.1,68.913528,58.1,45,56.353054
12,Lithuania,198,0,0,0,159.3,68.2,70.02198,60,42.5,58.536587
12,Lithuania,199,0,0,0,162,71.7,69.319641,47.5,38.6,55.168407
12,Lithuania,200,0,0,0,161,63.9,71.587372,48.7,37.3,56.627907
12,Lithuania,201,0,0,0,159.2,64.3,71.230423,47.3,38.9,54.872391
12,Lithuania,202,0,0,0,160.2,68.1,70.17083,50.2,45.1,52.675762
12,Lithuania,203,0,0,0,160.8,66.5,70.743507,48,44.3,52.004333
12,Lithuania,204,0,0,0,174.9,75.2,69.93203,44,36.4,54.726368
12,Lithuania,205,0,0,0,182.2,71.6,71.788811,45.5,35.4,56.242275
12,Lithuania,206,0,0,0,189,77.1,71.025932,40.7,38.2,51.584286
12,Lithuania,207,0,0,0,181.8,80.4,69.336388,41.9,39,51.792336
12,Lithuania,208,0,0,0,183.7,76,70.735466,41.5,35.7,53.756477
12,Lithuania,209,0,0,0,191.6,75.1,71.841019,44.2,37,54.433498
12,Lithuania,210,0,0,0,193.5,74.1,72.309418,46.5,38.2,54.899647
12,Lithuania,211,0,0,0,185.4,79.3,70.041557,41.1,39.9,50.740742
12,Lithuania,212,0,0,0,190.7,82.5,69.802345,37.8,40.7,48.152866
12,Lithuania,213,0,0,0,198.3,82.5,70.619659,40.2,41.6,49.144253
12,Lithuania,214,0,0,0,190.6,81.7,69.99633,45,43.6,50.79007
12,Lithuania,215,0,0,0,192.8,87.7,68.734406,40.1,45.6,46.79113
12,Lithuania,216,0,0,0,193.5,88.4,68.641365,42.4,41.9,50.296558
12,Lithuania,217,0,0,0,189.7,87,68.558006,49,39.2,55.555557
12,Lithuania,218,0,0,0,193.8,90.7,68.119507,44.6,43.1,50.855186
12,Lithuania,219,0,0,0,193.3,89.1,68.449005,43.2,39.7,52.110977
12,Lithuania,220,0,0,0,180.6,96.5,65.175026,48.3,42.5,53.193832
12,Lithuania,221,0,0,0,190.8,89.9,67.972923,54.8,40.9,57.26228
12,Lithuania,222,0,0,0,201.3,88.9,69.365952,51.6,47.3,52.173912
12,Lithuania,223,0,0,0,199.8,91.5,68.589081,51.1,55.4,47.98122
12,Lithuania,224,0,0,0,203.2,89.6,69.398911,56.6,46,55.165691
12,Lithuania,225,0,0,0,203.1,90.8,69.105141,61.7,44.4,58.152687
12,Lithuania,226,0,0,0,205.2,88.2,69.938652,56.3,55.1,50.538601
12,Lithuania,227,0,0,0,206.1,86.7,70.389343,55.3,52.7,51.203705
12,Lithuania,228,0,0,0,198.7,85.5,69.91555,57.2,43.4,56.858849
12,Lithuania,229,0,0,0,196.3,92.7,67.923874,59.2,41.2,58.964142
12,Lithuania,230,0,0,0,198,94.9,67.599861,61.1,46.4,56.837208
12,Lithuania,231,0,0,0,208.1,84.4,71.145302,56.2,49.4,53.219696
12,Lithuania,232,0,0,0,207.5,85.2,70.891701,56.6,46,55.165691
12,Lithuania,233,0,0,0,195.5,97.2,66.791939,56.2,50.7,52.572498
12,Lithuania,234,0,0,0,204.9,99,67.423492,55.3,54,50.594692
12,Lithuania,235,0,0,0,201.7,93.5,68.326561,63.1,45.8,57.943066
12,Lithuania,236,0,0,0,200.9,98.4,67.123291,60.1,47.1,56.063435
13,Luxembourg,172,0,0,0,8.1,15.2,34.76395,5.8,9.1,38.926174
13,Luxembourg,173,0,0,0,8.1,15.2,34.76395,5.8,9.1,38.926174
13,Luxembourg,174,0,0,0,8.1,15.2,34.76395,5.8,9.1,38.926174
13,Luxembourg,175,0,0,0,8.1,15.2,34.76395,5.8,9.1,38.926174
13,Luxembourg,176,0,0,0,11.3,22.7,33.235294,5.3,8,39.849625
13,Luxembourg,177,0,0,0,11.3,22.7,33.235294,5.3,8,39.849625
13,Luxembourg,178,0,0,0,11.3,22.7,33.235294,5.3,8,39.849625
13,Luxembourg,179,0,0,0,11.3,22.7,33.235294,5.3,8,39.849625
13,Luxembourg,180,0,0,0,12.5,22.6,35.612537,5.2,6.3,45.217392
13,Luxembourg,181,0,0,0,12.5,22.6,35.612537,5.2,6.3,45.217392
13,Luxembourg,182,0,0,0,12.5,22.6,35.612537,5.2,6.3,45.217392
13,Luxembourg,183,0,0,0,12.5,22.6,35.612537,5.2,6.3,45.217392
13,Luxembourg,184,0,0,0,14.5,21.5,40.277779,4.6,7.8,37.096775
13,Luxembourg,185,0,0,0,14.5,21.5,40.277779,4.6,7.8,37.096775
13,Luxembourg,186,0,0,0,14.5,21.5,40.277779,4.6,7.8,37.096775
13,Luxembourg,187,0,0,0,14.5,21.5,40.277779,4.6,7.8,37.096775
13,Luxembourg,188,0,0,0,15.8,26.3,37.52969,7.3,10.9,40.10989
13,Luxembourg,189,0,0,0,19.2,27.9,40.764332,4,7.5,34.782608
13,Luxembourg,190,0,0,0,16.2,23.7,40.601505,4.5,9.5,32.142857
13,Luxembourg,191,0,0,0,17.1,23,42.643391,4.9,8.3,37.121212
13,Luxembourg,192,0,0,0,15.9,29,35.412025,2.8,11.5,19.58042
13,Luxembourg,193,0,0,0,16.9,26.4,39.030022,4.7,8.3,36.153847
13,Luxembourg,194,0,0,0,16.4,29.8,35.497837,4.2,8.6,32.8125
13,Luxembourg,195,0,0,0,18.2,23.1,44.067795,5.5,6.1,47.413792
13,Luxembourg,196,0,0,0,21.5,37.2,36.626915,4.3,4.4,49.425289
13,Luxembourg,197,0,0,0,21,38.2,35.472973,4.9,6.4,43.362831
13,Luxembourg,198,0,0,0,22.3,37.6,37.228714,4.5,4.3,51.136364
13,Luxembourg,199,0,0,0,23.3,30.3,43.47015,4.9,6.6,42.608696
13,Luxembourg,200,0,0,0,21.4,35.6,37.543861,4.3,6,41.747574
13,Luxembourg,201,0,0,0,21.6,35.4,37.894737,4.7,5.8,44.761906
13,Luxembourg,202,0,0,0,19.7,33.5,37.030075,6,5.9,50.42017
13,Luxembourg,203,0,0,0,17.8,32.1,35.671341,7,5.2,57.377048
13,Luxembourg,204,0,0,0,23.1,37.2,38.308456,7.1,4,63.963963
13,Luxembourg,205,0,0,0,24.7,38.3,39.206348,5.6,4.3,56.565655
13,Luxembourg,206,0,0,0,25.3,40.8,38.275341,5.7,3,65.517242
13,Luxembourg,207,0,0,0,24.8,38.9,38.932495,6.3,4.4,58.878506
13,Luxembourg,208,0,0,0,25.1,41,37.972767,6.1,5.3,53.508774
13,Luxembourg,209,0,0,0,27.1,46,37.072502,6.2,5.7,52.100842
13,Luxembourg,210,0,0,0,25.3,44,36.507938,5.3,5.3,50
13,Luxembourg,211,0,0,0,29,43.7,39.889957,6.7,5.8,53.599998
13,Luxembourg,212,0,0,0,28.8,43.7,39.724136,5.5,7,44
13,Luxembourg,213,0,0,0,31.2,42.8,42.162163,4.3,4,51.807228
13,Luxembourg,214,0,0,0,30.3,44,40.780621,6.1,6.2,49.593494
13,Luxembourg,215,0,0,0,27.2,46.8,36.756756,4.9,5.2,48.514851
13,Luxembourg,216,0,0,0,34.9,48.9,41.646778,4.7,3.5,57.317074
13,Luxembourg,217,0,0,0,33.6,56.2,37.416481,2.3,6.3,26.744186
13,Luxembourg,218,0,0,0,31.1,51.5,37.651333,4,4.5,47.058823
13,Luxembourg,219,0,0,0,33.9,52.3,39.327145,6.7,5.1,56.779659
13,Luxembourg,220,0,0,0,31.4,43.3,42.034805,6.1,7.9,43.57143
13,Luxembourg,221,0,0,0,35,45.9,43.263287,6.4,7.6,45.714287
13,Luxembourg,222,0,0,0,31.4,44.6,41.315788,5.5,8.8,38.46154
13,Luxembourg,223,0,0,0,37,52,41.573032,6.4,6.2,50.793652
13,Luxembourg,224,0,0,0,36.2,51.1,41.466209,5.9,6.8,46.456692
13,Luxembourg,225,0,0,0,29.3,48.2,37.80645,6.7,7,48.905109
13,Luxembourg,226,0,0,0,27.8,45,38.186813,5.4,6.1,46.95652
13,Luxembourg,227,0,0,0,30.3,45.2,40.13245,6.1,7.8,43.884892
13,Luxembourg,228,0,0,0,32.8,48.4,40.394089,5.9,6.8,46.456692
13,Luxembourg,229,0,0,0,34.6,50.7,40.562721,7,6.8,50.724636
13,Luxembourg,230,0,0,0,35.8,51.1,41.196777,5.8,8.3,41.13475
13,Luxembourg,231,0,0,0,34,46.8,42.079208,6.9,8.2,45.695366
13,Luxembourg,232,0,0,0,37.8,50.2,42.954544,6.5,8.5,43.333332
13,Luxembourg,233,0,0,0,36.5,48.1,43.144207,8.1,5.9,57.857143
13,Luxembourg,234,0,0,0,38.7,55.7,40.995762,7.3,5.3,57.936508
13,Luxembourg,235,0,0,0,41.1,56.7,42.02454,5.6,5,52.830189
13,Luxembourg,236,0,0,0,41.2,57.7,41.658241,8.1,7,53.642384
14,Malta,172,0,0,0,5.9,7.4,44.360901,3.4,14.5,18.994413
14,Malta,173,0,0,0,5.5,7.9,41.044777,2.5,14.3,14.880953
14,Malta,174,0,0,0,6,7.8,43.47826,2.5,13.6,15.52795
14,Malta,175,0,0,0,6,7.4,44.776119,3,13.8,17.857143
14,Malta,176,0,0,0,6.2,8.9,41.059601,2.2,12.8,14.666667
14,Malta,177,0,0,0,6.1,8,43.262413,2.7,13.3,16.875
14,Malta,178,0,0,0,5.2,9.4,35.61644,3.6,13.2,21.428572
14,Malta,179,0,0,0,6.4,9,41.558441,3.2,13.3,19.39394
14,Malta,180,0,0,0,6.6,8.8,42.857143,3.3,13.5,19.642857
14,Malta,181,0,0,0,6.4,9.5,40.251572,3,12.7,19.10828
14,Malta,182,0,0,0,6.9,9.1,43.125,2.4,13.4,15.189874
14,Malta,183,0,0,0,6.8,9.6,41.463413,2.7,12.8,17.419355
14,Malta,184,0,0,0,6.8,8.9,43.312103,1.8,14,11.392406
14,Malta,185,0,0,0,7.1,8.9,44.375,2,14,12.5
14,Malta,186,0,0,0,7.1,10,41.52047,2.4,14.1,14.545455
14,Malta,187,0,0,0,7.2,8,47.36842,2.7,13.5,16.666666
14,Malta,188,0,0,0,7.7,8.4,47.826088,2.7,13,17.197453
14,Malta,189,0,0,0,8.1,9.4,46.285713,2.7,14.8,15.428572
14,Malta,190,0,0,0,7.3,9.6,43.195267,2.9,14.7,16.477272
14,Malta,191,0,0,0,6.4,9.6,40,3.4,13.2,20.481928
14,Malta,192,0,0,0,6.4,10.6,37.64706,4.1,12.3,25
14,Malta,193,0,0,0,7.8,9.9,44.067795,3.9,12.3,24.074074
14,Malta,194,0,0,0,8.7,9.4,48.066299,2.6,13.9,15.757576
14,Malta,195,0,0,0,8.1,10.6,43.31551,3.5,13.2,20.958084
14,Malta,196,0,0,0,8.1,10.9,42.63158,4.2,14.2,22.826086
14,Malta,197,0,0,0,8.9,9.8,47.593582,3,13.6,18.072289
14,Malta,198,0,0,0,8.9,9.8,47.593582,1.8,13.3,11.920529
14,Malta,199,0,0,0,8.2,10.8,43.157894,2.6,13.8,15.853659
14,Malta,200,0,0,0,7.2,9.8,42.35294,3,13.7,17.964071
14,Malta,201,0,0,0,8.4,9.5,46.927376,2.6,14.9,14.857142
14,Malta,202,0,0,0,9.2,9.9,48.167538,2.4,14.4,14.285714
14,Malta,203,0,0,0,8.7,9.5,47.802197,2.4,13.5,15.094339
14,Malta,204,0,0,0,9.1,11.8,43.540668,2,11.1,15.267176
14,Malta,205,0,0,0,10.2,12.7,44.541485,1.6,12.1,11.678832
14,Malta,206,0,0,0,10.7,12.4,46.320347,1.8,11.6,13.432836
14,Malta,207,0,0,0,11.1,10.4,51.627907,2.4,11.1,17.777779
14,Malta,208,0,0,0,12.2,12.8,48.799999,2.4,10.3,18.897638
14,Malta,209,0,0,0,11.5,15.5,42.592594,2.8,10.7,20.74074
14,Malta,210,0,0,0,11.6,13.4,46.400002,2.3,10.7,17.692308
14,Malta,211,0,0,0,13.2,11.8,52.799999,2.4,10.9,18.045113
14,Malta,212,0,0,0,13.3,13.3,50,2.5,9.8,20.325203
14,Malta,213,0,0,0,12.6,16.4,43.448277,2.4,9.8,19.672131
14,Malta,214,0,0,0,12.4,13.8,47.328243,2.4,10.6,18.461538
14,Malta,215,0,0,0,13,14.8,46.762589,2.1,11.4,15.555555
14,Malta,216,0,0,0,12.8,14.8,46.376812,2.8,9.6,22.580645
14,Malta,217,0,0,0,11.9,16,42.652328,2.8,9.7,22.4
14,Malta,218,0,0,0,13.4,13.1,50.566036,2.8,11.4,19.718309
14,Malta,219,0,0,0,13.3,14.3,48.188404,2.8,11,20.289856
14,Malta,220,0,0,0,12.6,14.2,47.014927,2.6,9.6,21.311476
14,Malta,221,0,0,0,13.6,14.4,48.57143,3.4,11.1,23.448277
14,Malta,222,0,0,0,14.5,14.3,50.347221,2.8,12.1,18.791946
14,Malta,223,0,0,0,14.9,15.4,49.174919,2.3,10.8,17.557251
14,Malta,224,0,0,0,15.5,15.2,50.488598,3,9.4,24.193548
14,Malta,225,0,0,0,14.6,16.1,47.557003,3,10.9,21.582733
14,Malta,226,0,0,0,14.7,15.7,48.355263,2.9,11.9,19.594595
14,Malta,227,0,0,0,14.9,16.2,47.909969,3.2,13,19.753086
14,Malta,228,0,0,0,15.1,18.2,45.345345,3.4,11.7,22.516556
14,Malta,229,0,0,0,15.5,18.3,45.857986,3.6,11.9,23.225807
14,Malta,230,0,0,0,16.7,18.6,47.308781,3.8,11.4,25
14,Malta,231,0,0,0,15.1,18.4,45.074627,4.6,11.4,28.75
14,Malta,232,0,0,0,16.6,18.8,46.892654,3.5,11.7,23.026316
14,Malta,233,0,0,0,17.5,19.4,47.425476,4.3,10.9,28.289474
14,Malta,234,0,0,0,19.1,20.1,48.724491,4.1,11.2,26.797386
14,Malta,235,0,0,0,18.8,19.8,48.704662,3.3,12.6,20.754717
14,Malta,236,0,0,0,18,20,47.36842,4.1,12.3,25
15,Netherlands,172,0,0,0,230.5,620.8,27.076237,33.1,178.8,15.620576
15,Netherlands,173,0,0,0,226.5,612,27.012522,30.3,187.1,13.937443
15,Netherlands,174,0,0,0,220,599.3,26.85219,33.2,189.4,14.914645
15,Netherlands,175,0,0,0,222.3,619,26.423393,33.5,183,15.473441
15,Netherlands,176,0,0,0,230,631.5,26.69762,30.4,171.4,15.06442
15,Netherlands,177,0,0,0,225.8,645.3,25.921249,36,165,17.910448
15,Netherlands,178,0,0,0,225,645.7,25.841278,35.3,183.9,16.104015
15,Netherlands,179,0,0,0,232.7,636.2,26.780987,31.5,171.6,15.509602
15,Netherlands,180,0,0,0,206.2,584.9,26.064972,36.8,178.8,17.068645
15,Netherlands,181,0,0,0,215.9,592.8,26.697168,39.3,175.2,18.321678
15,Netherlands,182,0,0,0,218.7,576,27.519819,37.8,198.4,16.003387
15,Netherlands,183,0,0,0,211.4,580.4,26.698662,39,183.6,17.520216
15,Netherlands,184,0,0,0,227.8,589.5,27.872263,35.5,190.5,15.707965
15,Netherlands,185,0,0,0,232.2,578.5,28.641914,33.2,192,14.742451
15,Netherlands,186,0,0,0,227.1,574.3,28.337908,41.3,195.4,17.448246
15,Netherlands,187,0,0,0,237.3,574.3,29.238541,36.6,188.6,16.25222
15,Netherlands,188,0,0,0,229.6,586,28.151054,32.3,210.2,13.319588
15,Netherlands,189,0,0,0,233.4,604.2,27.86533,37,200.3,15.592077
15,Netherlands,190,0,0,0,238.5,623.4,27.671423,43.5,197.2,18.072289
15,Netherlands,191,0,0,0,236.2,628.2,27.325312,38.2,190.1,16.73237
15,Netherlands,192,0,0,0,240.4,636.4,27.417883,36.2,194,15.725456
15,Netherlands,193,0,0,0,253.2,632,28.603704,36.7,190.6,16.146063
15,Netherlands,194,0,0,0,250.8,626.6,28.584454,38.1,200.4,15.974843
15,Netherlands,195,0,0,0,254.2,643.1,28.329433,44.2,193.1,18.626211
15,Netherlands,196,0,0,0,256.6,639.1,28.647985,42,191.3,18.002571
15,Netherlands,197,0,0,0,255.7,629.4,28.889391,40.4,186,17.844522
15,Netherlands,198,0,0,0,258.8,621,29.415777,41.4,186.7,18.149935
15,Netherlands,199,0,0,0,273.2,642.1,29.848137,37.8,182.4,17.166212
15,Netherlands,200,0,0,0,268,633.1,29.741426,34.1,163.6,17.248356
15,Netherlands,201,0,0,0,260.5,661.1,28.26606,30.2,172.6,14.891519
15,Netherlands,202,0,0,0,255.1,659.6,27.888926,30.1,171.4,14.937965
15,Netherlands,203,0,0,0,259.9,672.4,27.877293,27.8,165,14.419087
15,Netherlands,204,0,0,0,274.7,769.5,26.30722,27.7,141,16.41968
15,Netherlands,205,0,0,0,283.7,769.4,26.939512,28.1,143.6,16.365755
15,Netherlands,206,0,0,0,287.2,769.4,27.181526,27.9,143.2,16.306253
15,Netherlands,207,0,0,0,284.5,768.6,27.015478,26.3,140.1,15.805288
15,Netherlands,208,0,0,0,287.3,774.5,27.057827,28.1,137.6,16.958359
15,Netherlands,209,0,0,0,291.9,783.2,27.150963,28.6,137.6,17.208183
15,Netherlands,210,0,0,0,285,793.4,26.428041,29.4,148.7,16.50758
15,Netherlands,211,0,0,0,284.9,776.1,26.852026,29.4,138.8,17.479191
15,Netherlands,212,1,0,1,296.1,786.8,27.343245,26.3,138.3,15.978128
15,Netherlands,213,1,0,1,302,783.2,27.828972,25.6,145.6,14.953271
15,Netherlands,214,1,0,1,304.6,772.6,28.277014,29.7,161.8,15.509138
15,Netherlands,215,1,0,1,300,774.4,27.922562,28.7,147.9,16.251415
15,Netherlands,216,1,0,1,298.7,784,27.588436,28.4,141.6,16.705883
15,Netherlands,217,1,0,1,304.9,795.1,27.718182,29.3,139.4,17.368109
15,Netherlands,218,1,0,1,305.8,796.7,27.736961,33.6,147.7,18.532818
15,Netherlands,219,1,0,1,301.5,810.7,27.108435,33.2,142.7,18.874361
15,Netherlands,220,1,0,1,292.4,821.8,26.243044,29.1,136.8,17.540688
15,Netherlands,221,1,0,1,303,831.5,26.7078,28,134.7,17.209589
15,Netherlands,222,1,0,1,311.8,827.4,27.370085,33.9,148.7,18.56517
15,Netherlands,223,1,0,1,320.4,839.5,27.623072,26.2,137.6,15.995116
15,Netherlands,224,1,0,1,319.4,858.6,27.113752,26.7,135.9,16.420664
15,Netherlands,225,1,0,1,340.7,848.1,28.659153,28.3,144.1,16.415314
15,Netherlands,226,1,0,1,337.6,853.6,28.341169,28.1,148.1,15.947786
15,Netherlands,227,1,0,1,357.2,874.7,28.995859,27.8,137.4,16.828087
15,Netherlands,228,1,0,1,344,855.5,28.678616,29.5,137.8,17.632994
15,Netherlands,229,1,0,1,353.1,860,29.107246,32.6,140.8,18.800461
15,Netherlands,230,1,0,1,356.9,839,29.843632,38,138.7,21.505377
15,Netherlands,231,1,0,1,353.7,849.7,29.391724,36.4,139.7,20.670074
15,Netherlands,232,1,0,1,351.5,864.2,28.913383,35.8,138.9,20.492273
15,Netherlands,233,1,0,1,366.9,892.3,29.137548,33.8,145.1,18.893236
15,Netherlands,234,1,0,1,389.9,901.7,30.187365,36,150.5,19.30295
15,Netherlands,235,1,0,1,390.4,916.8,29.86536,32.4,145.2,18.243244
15,Netherlands,236,1,0,1,394.7,931.2,29.768459,31.3,143.5,17.906179
16,Poland,172,0,0,0,909.3,577.6,61.154079,471.2,363.9,56.424381
16,Poland,173,0,0,0,913.6,602.2,60.271805,467,374.6,55.489544
16,Poland,174,0,0,0,923.7,597.2,60.733776,469.7,410.2,53.381065
16,Poland,175,0,0,0,979.5,628.5,60.914181,456.2,392.5,53.7528
16,Poland,176,0,0,0,984.3,644.7,60.423573,442.4,345.2,56.170647
16,Poland,177,0,0,0,946.1,647,59.38736,437,398,52.335331
16,Poland,178,0,0,0,970,655.5,59.673946,463.4,421.5,52.3675
16,Poland,179,0,0,0,1041.8,688,60.226616,441.3,398.2,52.567005
16,Poland,180,0,0,0,1298.4,702.9,64.877831,449.8,388.4,53.662609
16,Poland,181,0,0,0,1237,709.2,63.559757,460.7,401.5,53.433079
16,Poland,182,0,0,0,1248.9,714.9,63.596088,446.8,460,49.272167
16,Poland,183,0,0,0,1351.3,726.4,65.038261,440.9,475.4,48.117428
16,Poland,184,0,0,0,1319.7,734.8,64.234604,452.9,396.7,53.307438
16,Poland,185,0,0,0,1340.4,754,63.999237,464.1,424.4,52.234104
16,Poland,186,0,0,0,1352.9,738.9,64.676353,482,472.4,50.502934
16,Poland,187,0,0,0,1350.5,742.4,64.527687,494,489.4,50.233883
16,Poland,188,0,0,0,1318.5,777.2,62.914539,505.9,447.5,53.062721
16,Poland,189,0,0,0,1384.5,770.2,64.254883,499.3,427.7,53.861919
16,Poland,190,0,0,0,1404.7,756.5,64.9963,553.1,451.4,55.062222
16,Poland,191,0,0,0,1409.5,773,64.581902,569.4,482.6,54.125477
16,Poland,192,0,0,0,1381.8,793.6,63.519352,552.5,479.4,53.542011
16,Poland,193,0,0,0,1421.1,786.2,64.381821,535.9,491.7,52.150642
16,Poland,194,0,0,0,1447.7,792.8,64.615044,553.1,502.9,52.376892
16,Poland,195,0,0,0,1458.4,818,64.066071,572,484.4,54.146156
16,Poland,196,0,0,0,1485.1,787.3,65.353813,529.7,461.3,53.451061
16,Poland,197,0,0,0,1522.9,830,64.72438,536.7,513.3,51.114285
16,Poland,198,0,0,0,1517.6,879.1,63.3204,539.3,517.7,51.021759
16,Poland,199,0,0,0,1500,880.3,63.017265,531.7,471.6,52.995117
16,Poland,200,0,0,0,1489.5,830.1,64.213661,499.2,431.8,53.619762
16,Poland,201,0,0,0,1525.1,825.2,64.889587,526.1,477.1,52.442184
16,Poland,202,0,0,0,1522.2,868.7,63.666401,530.5,491.2,51.923264
16,Poland,203,0,0,0,1536.1,894.5,63.198387,518.9,484.3,51.724483
16,Poland,204,0,0,0,1524,913.8,62.515381,482,408.4,54.132973
16,Poland,205,0,0,0,1549.8,909.4,63.020496,506.5,438,53.626259
16,Poland,206,0,0,0,1527.2,920.7,62.388168,521.2,441.6,54.133778
16,Poland,207,0,0,0,1544.9,994.4,60.8396,499.1,397.6,55.659641
16,Poland,208,0,0,0,1581.6,1022.3,60.739658,503,370.2,57.604214
16,Poland,209,0,0,0,1576.8,988.6,61.4641,511.1,415.4,55.164597
16,Poland,210,0,0,0,1616.8,975.8,62.362106,513.2,440.1,53.834049
16,Poland,211,0,0,0,1654.7,1032.7,61.572525,516.6,412.5,55.602196
16,Poland,212,0,0,0,1605.1,1032.3,60.85918,496.7,364.1,57.702137
16,Poland,213,0,0,0,1622.7,1022.1,61.354355,498.2,406.8,55.049725
16,Poland,214,0,0,0,1690.2,1011,62.572189,511.5,418.5,55
16,Poland,215,0,0,0,1713,1013.4,62.830105,512.6,417.8,55.094582
16,Poland,216,0,0,0,1659.3,1044.6,61.366913,497.6,385.5,56.346958
16,Poland,217,0,0,0,1710.5,1064.1,61.648525,505.3,403.1,55.625275
16,Poland,218,0,0,0,1746.6,1064,62.143314,531.4,435.9,54.93642
16,Poland,219,0,0,0,1728.8,1054.3,62.117783,531,424.6,55.567184
16,Poland,220,0,0,0,1736.6,1087,61.503044,508,384,56.950672
16,Poland,221,0,0,0,1785.4,1093.3,62.021049,508.9,390.3,56.594749
16,Poland,222,0,0,0,1786.4,1122.4,61.413643,524.9,420.3,55.533222
16,Poland,223,0,0,0,1783.5,1118.6,61.455498,526.5,408.4,56.316185
16,Poland,224,0,0,0,1751.7,1073.4,62.004887,524.5,370.2,58.623001
16,Poland,225,0,0,0,1774.1,1074.7,62.275345,517.5,391.9,56.905651
16,Poland,226,0,0,0,1739.7,1088,61.523499,507.9,366,58.118778
16,Poland,227,0,0,0,1769.3,1126.9,61.090393,498.5,347.2,58.945251
16,Poland,228,0,0,0,1762.1,1150.9,60.490902,513.2,357.2,58.961395
16,Poland,229,0,0,0,1782.7,1176.4,60.244671,541,375.1,59.054688
16,Poland,230,0,0,0,1776.7,1175.9,60.174084,536.9,376.2,58.799694
16,Poland,231,0,0,0,1833.8,1197.9,60.487514,493.9,348.7,58.616188
16,Poland,232,0,0,0,1853.1,1205,60.596447,491.6,316.5,60.834057
16,Poland,233,0,0,0,1856.1,1231.9,60.106865,521.9,334.3,60.955383
16,Poland,234,0,0,0,1867.1,1224.5,60.392677,547.2,345.6,61.290321
16,Poland,235,0,0,0,1888,1165.7,61.826637,506.1,338,59.957352
16,Poland,236,0,0,0,1904.3,1193.8,61.466705,469.2,304.2,60.667183
17,Portugal,172,0,0,0,198.7,122.2,61.919601,289.1,226.7,56.048855
17,Portugal,173,0,0,0,204.9,130.6,61.073025,290.5,224.1,56.451614
17,Portugal,174,0,0,0,217.1,132.5,62.099541,283.5,226.6,55.577339
17,Portugal,175,0,0,0,220.4,143.3,60.599396,275.9,225.5,55.025928
17,Portugal,176,0,0,0,231.5,150.8,60.554539,267.3,215.8,55.330158
17,Portugal,177,0,0,0,234.3,170.2,57.923363,277.1,216.6,56.127201
17,Portugal,178,0,0,0,227.3,168.8,57.384499,280.4,214.4,56.669361
17,Portugal,179,0,0,0,233.5,177,56.881851,276.4,217.8,55.928772
17,Portugal,180,0,0,0,227.1,171.2,57.017323,286.9,205.9,58.218346
17,Portugal,181,0,0,0,227.5,168.6,57.43499,290.6,203.5,58.814007
17,Portugal,182,0,0,0,228.8,173.2,56.915424,277.5,202.2,57.848656
17,Portugal,183,0,0,0,235.8,176.7,57.163635,259.8,201.5,56.319099
17,Portugal,184,0,0,0,229.8,177.5,56.42033,270.6,192.3,58.45755
17,Portugal,185,0,0,0,237.7,173.6,57.792366,275.8,192.9,58.843609
17,Portugal,186,0,0,0,235.8,175.5,57.330418,292.8,204.9,58.83062
17,Portugal,187,0,0,0,239,179.4,57.122372,283.2,202.8,58.271606
17,Portugal,188,0,0,0,240.5,177.2,57.577209,285.8,208.1,57.865963
17,Portugal,189,0,0,0,234.5,167.5,58.333332,297.9,208.7,58.803791
17,Portugal,190,0,0,0,225.6,175.2,56.287426,302.7,222.9,57.591324
17,Portugal,191,0,0,0,228.9,182.8,55.598736,306.5,215.9,58.671516
17,Portugal,192,0,0,0,231.4,188.5,55.10836,304.7,211.5,59.027508
17,Portugal,193,0,0,0,235.8,184,56.169605,317.7,204.2,60.87373
17,Portugal,194,0,0,0,240.6,180.5,57.136074,309.7,202.9,60.41748
17,Portugal,195,0,0,0,248.1,184.1,57.40398,295.9,192,60.647675
17,Portugal,196,0,0,0,247.2,181.7,57.635811,283,173,62.061405
17,Portugal,197,0,0,0,247.8,190.1,56.588261,278.9,171.1,61.977779
17,Portugal,198,0,0,0,249.6,177.2,58.481724,285.3,176.5,61.779991
17,Portugal,199,0,0,0,259.8,179.8,59.099182,282.1,173.4,61.931942
17,Portugal,200,0,0,0,266.4,181.7,59.451015,292.3,184.6,61.291676
17,Portugal,201,0,0,0,271.6,190.5,58.775158,305.3,189.1,61.751617
17,Portugal,202,0,0,0,254.8,188.3,57.503948,311,187.5,62.387161
17,Portugal,203,0,0,0,250,195.5,56.116722,309,184.7,62.588615
17,Portugal,204,0,0,0,353.5,259.4,57.67662,287.7,133.9,68.240036
17,Portugal,205,0,0,0,376.9,247.1,60.400642,291.8,133.9,68.545921
17,Portugal,206,0,0,0,364.3,252.6,59.053329,279.1,126.7,68.777725
17,Portugal,207,0,0,0,349,258.8,57.420204,290,128.2,69.34481
17,Portugal,208,0,0,0,351.3,251.9,58.239391,270.5,123,68.742058
17,Portugal,209,0,0,0,374.7,257,59.316132,263.2,122.3,68.274971
17,Portugal,210,0,0,0,387.4,237.6,61.984001,275.3,133.4,67.359924
17,Portugal,211,0,0,0,378.1,245.6,60.622093,258.5,126.8,67.090576
17,Portugal,212,0,0,0,363,239.5,60.248962,259.9,128.9,66.84671
17,Portugal,213,0,0,0,366.9,235.2,60.936722,264.9,130,67.080276
17,Portugal,214,0,0,0,378,246.2,60.557514,255.8,133.5,65.70768
17,Portugal,215,0,0,0,388.3,252.7,60.577225,249.9,132.2,65.401726
17,Portugal,216,0,0,0,407.6,267.6,60.367298,245,129.8,65.368195
17,Portugal,217,0,0,0,418.1,280.2,59.873981,240.5,129.2,65.052742
17,Portugal,218,0,0,0,415.7,283.9,59.41967,245.1,132.9,64.84127
17,Portugal,219,0,0,0,433.8,299.7,59.141106,236.9,121.6,66.080894
17,Portugal,220,0,0,0,436,291.8,59.906567,218,130.5,62.553802
17,Portugal,221,0,0,0,448.2,298.8,60,238.1,126.2,65.358223
17,Portugal,222,0,0,0,446,308.3,59.127666,229.5,128.3,64.141975
17,Portugal,223,0,0,0,455.1,308.3,59.61488,226.8,130.5,63.47607
17,Portugal,224,0,0,0,451.1,307.1,59.496174,215.4,126.9,62.927258
17,Portugal,225,0,0,0,433.9,305.2,58.706535,226.3,136.9,62.30727
17,Portugal,226,0,0,0,460.9,317,59.24926,222.7,129.7,63.195232
17,Portugal,227,0,0,0,476.7,319.1,59.901985,218.5,126.2,63.388454
17,Portugal,228,0,0,0,473.6,318.6,59.782883,219.8,140.4,61.021656
17,Portugal,229,1,1,0,483.1,319.1,60.221889,234.1,135.1,63.407368
17,Portugal,230,1,1,0,486.3,332.4,59.399048,246.2,146.7,62.662254
17,Portugal,231,1,1,0,512.3,320.8,61.493217,244.4,131.9,64.948181
17,Portugal,232,1,1,0,514.6,335.8,60.512699,230.7,132.9,63.448845
17,Portugal,233,1,1,0,519.8,341.7,60.33662,231.9,135.4,63.136402
17,Portugal,234,1,1,0,505,349.1,59.126568,230,135.9,62.858704
17,Portugal,235,1,1,0,516.3,345.1,59.937313,217.4,126.3,63.252838
17,Portugal,236,1,1,0,506.8,363.4,58.239487,193,117,62.258064
18,Romania,172,0,0,0,320.6,340,48.531639,229.6,284.7,44.643204
18,Romania,173,0,0,0,340.9,351.5,49.234547,225.9,323,41.155037
18,Romania,174,0,0,0,353.7,370.8,48.819878,221,329.1,40.174515
18,Romania,175,0,0,0,323.2,335.6,49.058895,220.9,326.2,40.37653
18,Romania,176,0,0,0,373.5,380.5,49.535809,247.2,374,39.793945
18,Romania,177,0,0,0,387.8,364.8,51.528038,307.7,402.6,43.319725
18,Romania,178,0,0,0,397.2,377.3,51.284698,343.1,415.2,45.245945
18,Romania,179,0,0,0,390.2,382,50.530949,334,388.5,46.228374
18,Romania,180,0,0,0,388,382.6,50.350376,305.8,399.4,43.363586
18,Romania,181,0,0,0,404.3,383.1,51.346203,303.1,448.2,40.343403
18,Romania,182,0,0,0,421.2,379.8,52.58427,310.3,436.8,41.533932
18,Romania,183,0,0,0,421,374.2,52.942657,328,428.6,43.351837
18,Romania,184,0,0,0,416.9,391.9,51.545498,435.5,488.7,47.121834
18,Romania,185,0,0,0,456.6,431.2,51.430504,320.6,455.4,41.314434
18,Romania,186,0,0,0,465.3,418.2,52.665535,376.6,483.1,43.805981
18,Romania,187,0,0,0,452.6,411.3,52.390324,333,420.5,44.193764
18,Romania,188,0,0,0,444.2,426.7,51.004707,321.4,437.2,42.367519
18,Romania,189,0,0,0,437,420,50.991833,336.3,486,40.897484
18,Romania,190,0,0,0,432.5,421.3,50.655891,354.4,532.8,39.945896
18,Romania,191,0,0,0,469.6,435.7,51.872307,336.9,457.7,42.398689
18,Romania,192,0,0,0,478.9,441.3,52.043034,309.3,451.9,40.633209
18,Romania,193,0,0,0,491,465.3,51.343719,326.1,498.9,39.527271
18,Romania,194,0,0,0,495.9,468,51.447247,322.5,526.3,37.994816
18,Romania,195,0,0,0,485.8,457.5,51.500053,312.8,490.8,38.924839
18,Romania,196,0,0,0,492.7,436,53.052654,283.6,447.3,38.801479
18,Romania,197,0,0,0,489.7,457.4,51.705204,309.6,455.2,40.481171
18,Romania,198,0,0,0,498.9,468.3,51.581886,315,499.7,38.664539
18,Romania,199,0,0,0,483.4,465.4,50.948566,292.2,445.1,39.631088
18,Romania,200,0,0,0,444,443.5,50.028168,253.7,389.7,39.431149
18,Romania,201,0,0,0,442.2,463.2,48.84029,291.5,453.5,39.127518
18,Romania,202,0,0,0,469.5,451.4,50.982735,308.4,451.2,40.600315
18,Romania,203,0,0,0,498.4,479,50.992428,277.4,403.6,40.734215
18,Romania,204,0,0,0,661.3,505.7,56.666668,260,304.9,46.025845
18,Romania,205,0,0,0,660.4,492.9,57.261772,287.7,336.6,46.083614
18,Romania,206,0,0,0,678.1,481.5,58.477062,291.1,358.2,44.832897
18,Romania,207,0,0,0,665.3,512.1,56.505859,270.2,337.9,44.433483
18,Romania,208,0,0,0,674.5,498.2,57.516842,252.3,331.6,43.209454
18,Romania,209,0,0,0,667.1,471.3,58.599789,291.4,366.2,44.312653
18,Romania,210,0,0,0,653.7,491.5,57.081734,285.1,373,43.321682
18,Romania,211,0,0,0,637.7,492.6,56.418652,252.5,370.4,40.536201
18,Romania,212,0,0,0,630.5,468.2,57.386002,252.3,336.9,42.820774
18,Romania,213,0,0,0,637.2,463.3,57.900955,290.3,367.2,44.152092
18,Romania,214,0,0,0,639.8,467.8,57.764538,281.3,383.2,42.332581
18,Romania,215,0,0,0,636.8,471.4,57.462551,263.5,357.2,42.452072
18,Romania,216,0,0,0,639.3,495.9,56.316067,255.2,327.5,43.79612
18,Romania,217,0,0,0,648,466.9,58.121803,263.7,366.1,41.870434
18,Romania,218,0,0,0,660.4,500.1,56.906506,264.1,364.7,42.000637
18,Romania,219,0,0,0,683.4,534.7,56.103767,255.4,347.1,42.390041
18,Romania,220,0,0,0,689.8,513.3,57.335217,280.8,337.3,45.429543
18,Romania,221,0,0,0,712.5,541.4,56.822712,277,378.9,42.232048
18,Romania,222,0,0,0,715.2,576.9,55.351753,253,372.5,40.447643
18,Romania,223,0,0,0,696.5,561.2,55.378864,250.6,341.9,42.295357
18,Romania,224,0,0,0,707.1,535,56.927784,260,328.8,44.157608
18,Romania,225,0,0,0,710.3,556.4,56.074841,273.1,393.8,40.950668
18,Romania,226,0,0,0,732.6,577.8,55.906593,258.1,408.1,38.742119
18,Romania,227,0,0,0,718.3,578.6,55.385921,253.5,365.2,40.973007
18,Romania,228,0,0,0,749.9,552.8,57.565056,244.3,356.5,40.662449
18,Romania,229,0,0,0,771.8,558.3,58.025711,265.2,400.6,39.831779
18,Romania,230,0,0,0,768.6,574.3,57.234344,273,401.8,40.456432
18,Romania,231,0,0,0,765.4,575.1,57.098099,260.3,361.7,41.848873
18,Romania,232,0,0,0,751.8,574.7,56.675461,258.5,363.8,41.539452
18,Romania,233,0,0,0,759.8,565.4,57.334743,243.8,385.8,38.723
18,Romania,234,0,0,0,777.1,564.4,57.927692,241.7,394.1,38.015099
18,Romania,235,0,0,0,772.4,558.6,58.031555,329.8,468,41.33868
18,Romania,236,0,0,0,765.3,570.2,57.304379,295,400.2,42.43383
19,Slovakia,172,0,0,0,129.2,79.3,61.966427,78.8,85,48.107449
19,Slovakia,173,0,0,0,131.4,77.8,62.810707,81.4,98.1,45.34819
19,Slovakia,174,0,0,0,127.1,78.5,61.819065,82.7,106.5,43.710358
19,Slovakia,175,0,0,0,131.3,79.6,62.256992,84.4,98.7,46.095032
19,Slovakia,176,0,0,0,133.9,84,61.450207,80.1,84.4,48.693008
19,Slovakia,177,0,0,0,133.8,83.9,61.460724,79.1,94.6,45.538284
19,Slovakia,178,0,0,0,134.5,88.3,60.368042,83.7,102.4,44.975819
19,Slovakia,179,0,0,0,139.4,93.6,59.828327,80.4,99.9,44.592346
19,Slovakia,180,0,0,0,141.3,100.2,58.509315,75.7,94.4,44.503235
19,Slovakia,181,0,0,0,137.1,99.7,57.896961,82.3,96.4,46.05484
19,Slovakia,182,0,0,0,137.9,103.5,57.125103,85.3,99.8,46.083199
19,Slovakia,183,0,0,0,141.3,106.2,57.090908,84,97.3,46.332047
19,Slovakia,184,0,0,0,138,102.8,57.308971,80.9,99,44.969429
19,Slovakia,185,0,0,0,135.5,102.3,56.980656,82.9,102,44.835045
19,Slovakia,186,0,0,0,140.6,100.7,58.267715,87,102.9,45.813587
19,Slovakia,187,0,0,0,143.5,102.7,58.285946,88,98.4,47.2103
19,Slovakia,188,0,0,0,144.3,101.7,58.658535,85.2,97.8,46.557377
19,Slovakia,189,0,0,0,137.8,99.4,58.094437,85.9,98.7,46.533043
19,Slovakia,190,0,0,0,136.3,100.9,57.462059,83,101.2,45.059719
19,Slovakia,191,0,0,0,137.2,100.8,57.64706,83.2,102.9,44.707146
19,Slovakia,192,0,0,0,142.6,100.4,58.683128,83.6,103.3,44.729801
19,Slovakia,193,0,0,0,137,98,58.297871,84.6,104.1,44.833069
19,Slovakia,194,0,0,0,141.5,105.1,57.380375,81.6,105.8,43.543224
19,Slovakia,195,0,0,0,139.8,104.3,57.27161,82.1,106.8,43.462151
19,Slovakia,196,0,0,0,140.5,106.7,56.836571,76.8,103.7,42.548477
19,Slovakia,197,0,0,0,134.8,106.7,55.817806,70.4,98.9,41.582989
19,Slovakia,198,0,0,0,138.8,105.5,56.815392,65.9,97.8,40.256565
19,Slovakia,199,0,0,0,139.7,106.4,56.765541,62.8,93.9,40.07658
19,Slovakia,200,0,0,0,144.9,103.5,58.333332,57.5,89.8,39.03598
19,Slovakia,201,0,0,0,143.4,104,57.962814,58.1,93.7,38.274044
19,Slovakia,202,0,0,0,149.2,106.7,58.304024,60.9,97.1,38.544304
19,Slovakia,203,0,0,0,151.2,115,56.7994,64.3,96.4,40.012447
19,Slovakia,204,0,0,0,154.3,108.5,58.713852,71,91.8,43.611794
19,Slovakia,205,0,0,0,151.7,104.9,59.119251,71.1,85.5,45.402298
19,Slovakia,206,0,0,0,150.7,111.2,57.541046,70.7,78.7,47.322624
19,Slovakia,207,0,0,0,148.8,109.8,57.540604,68.4,79.4,46.278755
19,Slovakia,208,0,0,0,152,106.4,58.823528,71,75.3,48.530418
19,Slovakia,209,0,0,0,149,106.1,58.408466,70.3,69.2,50.394264
19,Slovakia,210,0,0,0,149.9,102.5,59.389858,71,72,49.650349
19,Slovakia,211,0,0,0,146,95.6,60.430462,67,68.4,49.483013
19,Slovakia,212,0,0,0,145.9,101,59.092751,63.3,62.3,50.39809
19,Slovakia,213,0,0,0,145.4,104.8,58.11351,59.3,61,49.293434
19,Slovakia,214,0,0,0,154.8,104.9,59.607239,62.2,62,50.080517
19,Slovakia,215,0,0,0,161.1,109.3,59.578403,61.7,59.5,50.907589
19,Slovakia,216,0,0,0,157.1,114.9,57.757355,60.9,58.1,51.176472
19,Slovakia,217,0,0,0,156.4,113.5,57.947388,66,59.5,52.589642
19,Slovakia,218,0,0,0,159.7,114.9,58.157318,73.1,59.3,55.211479
19,Slovakia,219,0,0,0,158.6,120.1,56.90707,71.4,58.2,55.092594
19,Slovakia,220,0,0,0,156.4,112.7,58.119659,71.9,54.5,56.882912
19,Slovakia,221,0,0,0,162.6,116.8,58.196136,72.6,60.7,54.463615
19,Slovakia,222,0,0,0,159.7,110.1,59.191994,70.6,65,52.064896
19,Slovakia,223,0,0,0,164.2,110.5,59.7743,66.5,65.9,50.226585
19,Slovakia,224,0,0,0,167.5,109.9,60.382118,71.4,64.3,52.616066
19,Slovakia,225,0,0,0,168.3,107.8,60.956177,70.9,65.3,52.055801
19,Slovakia,226,0,0,0,175.4,106,62.3312,71.5,65.7,52.113701
19,Slovakia,227,0,0,0,183.2,115.8,61.270905,73.4,62.4,54.050076
19,Slovakia,228,0,0,0,178.9,121,59.653217,74.6,57,56.686932
19,Slovakia,229,0,0,0,179.2,117,60.49966,76.6,66.5,53.528999
19,Slovakia,230,0,0,0,183,120.9,60.217178,76,71.3,51.595383
19,Slovakia,231,0,0,0,180.7,122.5,59.597626,74,74.4,49.865231
19,Slovakia,232,0,0,0,174.8,121.2,59.054054,71.5,69.3,50.78125
19,Slovakia,233,0,0,0,180.9,118.4,60.441029,70.4,75.5,48.252228
19,Slovakia,234,0,0,0,189,128.1,59.60265,69,79.7,46.402153
19,Slovakia,235,0,0,0,193.6,124.5,60.861362,68,74.1,47.853622
19,Slovakia,236,0,0,0,196.4,128.6,60.430771,66.4,70.7,48.431801
20,Slovenia,172,0,0,0,69.1,45.9,60.086956,20.7,18.1,53.350517
20,Slovenia,173,0,0,0,66.2,45,59.532375,19.4,17.9,52.010723
20,Slovenia,174,0,0,0,62.4,45,58.100559,23.9,17.9,57.177032
20,Slovenia,175,0,0,0,66.3,44.6,59.783588,23.4,17.4,57.35294
20,Slovenia,176,0,0,0,67.9,45.4,59.92939,21.1,16.5,56.11702
20,Slovenia,177,0,0,0,70.7,47.2,59.966072,22.6,16.6,57.653061
20,Slovenia,178,0,0,0,73.8,48.6,60.294117,25.2,18.4,57.798164
20,Slovenia,179,0,0,0,74.7,49.9,59.951847,24.6,16,60.591133
20,Slovenia,180,0,0,0,76.9,54.8,58.390282,27.3,16.6,62.186787
20,Slovenia,181,0,0,0,76.2,51.2,59.811619,26.4,19.3,57.768051
20,Slovenia,182,0,0,0,78.8,52.5,60.015232,26.1,20.8,55.650318
20,Slovenia,183,0,0,0,75.8,52.4,59.126366,26.7,20,57.173447
20,Slovenia,184,0,0,0,79.7,54.6,59.344749,26,18.8,58.035713
20,Slovenia,185,0,0,0,81.2,57.5,58.543621,29.7,20.3,59.400002
20,Slovenia,186,0,0,0,80.2,55.8,58.970589,25.3,26.2,49.126213
20,Slovenia,187,0,0,0,78.8,54,59.337349,25.9,21.4,54.75687
20,Slovenia,188,0,0,0,79.7,52.7,60.196373,30,21.6,58.139534
20,Slovenia,189,0,0,0,82.7,57.3,59.07143,29.2,21.2,57.936508
20,Slovenia,190,0,0,0,84.2,52.9,61.415024,37.6,24.4,60.645161
20,Slovenia,191,0,0,0,78,52.8,59.633026,31.6,21.9,59.065422
20,Slovenia,192,0,0,0,81.4,53,60.565475,35.9,24.7,59.240925
20,Slovenia,193,0,0,0,83.8,56.2,59.857143,36.7,24.1,60.361843
20,Slovenia,194,0,0,0,90.2,63.5,58.685753,38.9,29.6,56.788322
20,Slovenia,195,0,0,0,90.9,60.2,60.158836,32.3,20.6,61.058601
20,Slovenia,196,0,0,0,87.8,56.7,60.761246,33.1,17.6,65.285995
20,Slovenia,197,0,0,0,85.2,58.8,59.166668,33,18.1,64.579254
20,Slovenia,198,0,0,0,86.9,62.1,58.322147,31.1,27.2,53.344769
20,Slovenia,199,0,0,0,87.2,60.1,59.198914,33.5,23.2,59.082893
20,Slovenia,200,0,0,0,86.3,62.6,57.958363,31.9,22.8,58.3181
20,Slovenia,201,0,0,0,84.2,55.5,60.272011,31.4,20.9,60.038242
20,Slovenia,202,0,0,0,78.8,58.8,57.267441,32.9,22.3,59.601448
20,Slovenia,203,0,0,0,86.1,57.1,60.125698,34.1,21.1,61.775364
20,Slovenia,204,0,0,0,101.3,63.2,61.580547,31.4,22.5,58.256031
20,Slovenia,205,0,0,0,110.4,67.5,62.057335,32.1,21,60.451977
20,Slovenia,206,0,0,0,102.6,68.3,60.035107,35.9,21.9,62.110725
20,Slovenia,207,0,0,0,101.1,64.1,61.198547,33,18.8,63.706562
20,Slovenia,208,0,0,0,106.3,67.4,61.197468,33.9,21.3,61.413044
20,Slovenia,209,0,0,0,103.7,66.4,60.964138,29.4,22.7,56.429943
20,Slovenia,210,0,0,0,100.6,66.1,60.347931,35.1,26,57.446808
20,Slovenia,211,0,0,0,108,72.3,59.900166,29.9,20.9,58.858269
20,Slovenia,212,0,0,0,108.7,75,59.172565,30.2,21.9,57.96545
20,Slovenia,213,0,0,0,107.9,72.2,59.91116,29.3,21.6,57.56385
20,Slovenia,214,0,0,0,105.3,68.9,60.447762,26.8,22.6,54.251011
20,Slovenia,215,0,0,0,107.2,75.7,58.611263,30.3,22.6,57.277882
20,Slovenia,216,0,0,0,102.5,71.2,59.009789,32.4,19.5,62.427746
20,Slovenia,217,0,0,0,104.5,72.5,59.039547,29.6,20.5,59.081837
20,Slovenia,218,0,0,0,104.5,76.5,57.734806,32.6,23.4,58.214287
20,Slovenia,219,0,0,0,97.6,72.1,57.51326,32.9,19.8,62.428841
20,Slovenia,220,0,0,0,105,74.8,58.39822,29,20.3,58.823528
20,Slovenia,221,0,0,0,114,80.1,58.732613,28.3,20.2,58.350517
20,Slovenia,222,0,0,0,107.7,79.8,57.439999,29.6,19.7,60.040569
20,Slovenia,223,0,0,0,109.3,72.1,60.253582,28.3,18.2,60.860214
20,Slovenia,224,0,0,0,111.3,73,60.390667,32,18.2,63.745022
20,Slovenia,225,0,0,0,118.8,73.7,61.714287,29.3,16,64.679909
20,Slovenia,226,0,0,0,111.8,68.2,62.111111,27.7,17.2,61.69265
20,Slovenia,227,0,0,0,115.1,72.4,61.386665,28.5,16.8,62.913906
20,Slovenia,228,0,0,0,115.7,77.6,59.855148,29.6,16.9,63.655914
20,Slovenia,229,0,0,0,114,76.2,59.936909,31.1,18.2,63.083164
20,Slovenia,230,0,0,0,119.1,77,60.734318,32.1,18.4,63.564358
20,Slovenia,231,0,0,0,122.2,76.5,61.499748,33.8,17.1,66.404716
20,Slovenia,232,0,0,0,115.3,77.3,59.865005,32.1,17.4,64.848488
20,Slovenia,233,0,0,0,117.5,84.5,58.168316,30.7,19.5,61.15538
20,Slovenia,234,0,0,0,118.1,84.4,58.320988,30.2,21.2,58.754864
20,Slovenia,235,0,0,0,117.1,87,57.373837,28.1,19.2,59.408035
20,Slovenia,236,0,0,0,126.6,87.7,59.076061,30.5,18.1,62.757202
21,Sweden,172,0,0,0,311.1,348.5,47.164948,59.8,77.7,43.49091
21,Sweden,173,0,0,0,317.2,343.7,47.995159,60.1,83.5,41.852367
21,Sweden,174,0,0,0,312.5,339.6,47.922096,61.4,92.2,39.973957
21,Sweden,175,0,0,0,312.4,340.9,47.818768,55.5,81.5,40.510948
21,Sweden,176,0,0,0,310.7,341.3,47.653374,54.2,78.3,40.905659
21,Sweden,177,0,0,0,315.6,341.4,48.03653,54.1,80.1,40.312965
21,Sweden,178,0,0,0,317.8,344.3,47.998791,57.5,83.8,40.693562
21,Sweden,179,0,0,0,315.1,345.8,47.67741,52.3,77.1,40.417309
21,Sweden,180,0,0,0,316.6,344.1,47.918873,49.3,75.4,39.534885
21,Sweden,181,0,0,0,308.4,361.7,46.022984,51.3,88.3,36.747852
21,Sweden,182,0,0,0,308.9,364.2,45.892139,54,94.6,36.339165
21,Sweden,183,0,0,0,305.3,360.4,45.8615,49.9,89.5,35.796268
21,Sweden,184,0,0,0,306.6,361,45.925705,48.2,82.8,36.793892
21,Sweden,185,0,0,0,307.8,362.1,45.947155,54.6,86.5,38.695961
21,Sweden,186,0,0,0,311.3,372.4,45.531666,60.6,91,39.973614
21,Sweden,187,0,0,0,310,373.4,45.361427,53.7,85.4,38.60532
21,Sweden,188,0,0,0,307.8,369.6,45.438442,55,87.1,38.705135
21,Sweden,189,0,0,0,312.1,377.2,45.277817,57.3,93,38.123753
21,Sweden,190,0,0,0,320,383.7,45.473923,61.5,95.4,39.196941
21,Sweden,191,0,0,0,324.8,379.5,46.116711,53.9,87.6,38.091873
21,Sweden,192,0,0,0,320,383.5,45.486851,53.5,84.2,38.852577
21,Sweden,193,0,0,0,328.7,388.2,45.850189,58,91.5,38.795986
21,Sweden,194,0,0,0,330.7,395,45.569794,59.8,106.9,35.872826
21,Sweden,195,0,0,0,326.8,393.8,45.351097,49.4,89.7,35.514019
21,Sweden,196,0,0,0,328.2,389.9,45.703941,48.3,87.2,35.645756
21,Sweden,197,0,0,0,332.4,379.7,46.678837,53.9,97.3,35.648148
21,Sweden,198,0,0,0,333.2,383.7,46.47789,53.5,102.4,34.316872
21,Sweden,199,0,0,0,323.4,384.2,45.703789,43.3,90.7,32.313435
21,Sweden,200,0,0,0,324.8,378,46.215141,43.6,85.7,33.720032
21,Sweden,201,0,0,0,327.1,380.9,46.200565,50.9,94.2,35.079254
21,Sweden,202,0,0,0,328.2,383.7,46.101982,57.8,101,36.397984
21,Sweden,203,0,0,0,329.4,383.4,46.21212,52.5,91.4,36.483669
21,Sweden,204,0,0,0,437.4,411.7,51.513367,50.5,61.5,45.089287
21,Sweden,205,0,0,0,451,416.5,51.988472,57.3,69.8,45.082611
21,Sweden,206,0,0,0,459.2,426.1,51.869423,60.1,73.6,44.951385
21,Sweden,207,0,0,0,452.8,420.8,51.831501,54.5,63.6,46.147331
21,Sweden,208,0,0,0,456.6,427.1,51.669117,51.5,58.6,46.775658
21,Sweden,209,0,0,0,459.7,434,51.437843,55.6,64.7,46.217789
21,Sweden,210,0,0,0,473.1,427.7,52.519981,56.5,67.6,45.527802
21,Sweden,211,0,0,0,464.1,430.7,51.866341,50.8,58.9,46.308113
21,Sweden,212,0,0,0,462,429.3,51.8344,49.9,58.7,45.948433
21,Sweden,213,0,0,0,476.7,440.4,51.979065,53.1,61.7,46.254356
21,Sweden,214,0,0,0,489.3,443.1,52.477478,57.3,72.5,44.144836
21,Sweden,215,0,0,0,486.6,444,52.288845,51.3,63.1,44.842659
21,Sweden,216,0,0,0,492.2,439.4,52.833836,50.4,60.1,45.610859
21,Sweden,217,0,0,0,497.7,450,52.516621,53,66.9,44.203503
21,Sweden,218,0,0,0,515.3,463.1,52.667622,60.9,75.2,44.74651
21,Sweden,219,1,0,1,513.4,464.4,52.505627,50.6,63.8,44.23077
21,Sweden,220,1,0,1,502.3,463.1,52.030247,50.4,60.9,45.28302
21,Sweden,221,1,0,1,526.7,460.1,53.374542,49.2,66.9,42.377262
21,Sweden,222,1,0,1,551.3,464.7,54.26181,56,75.6,42.553192
21,Sweden,223,1,0,1,541.1,459.4,54.082958,49.1,68,41.929974
21,Sweden,224,1,0,1,545.7,466.9,53.890972,48.7,60.4,44.637947
21,Sweden,225,1,0,1,570.6,486.6,53.972759,50.4,65.2,43.598618
21,Sweden,226,1,0,1,582.4,499.5,53.831223,50.1,71.7,41.133003
21,Sweden,227,1,0,1,569.8,499.7,53.277233,49.6,67.6,42.32082
21,Sweden,228,1,0,1,573.9,496.7,53.605453,46.5,66.8,41.041481
21,Sweden,229,1,0,1,586,505.5,53.687588,46.4,71.3,39.42226
21,Sweden,230,1,0,1,599.2,516.2,53.720638,49.9,74.4,40.14481
21,Sweden,231,1,0,1,591,513.3,53.518066,46.8,70.3,39.965839
21,Sweden,232,1,0,1,587.8,520,53.06012,44.9,71,38.740292
21,Sweden,233,1,0,1,615.6,529.9,53.740726,45.5,81.1,35.939968
21,Sweden,234,1,0,1,645,531,54.846939,51.6,89.5,36.569809
21,Sweden,235,1,0,1,635.1,543.2,53.899685,49.9,83,37.547028
21,Sweden,236,1,0,1,642.2,549.8,53.875839,52.6,79.6,39.7882
22,United Kingdom,172,0,0,0,1092,1947.6,35.925781,397.1,1505.9,20.867052
22,United Kingdom,173,0,0,0,1104.9,1937.7,36.314335,380.6,1497,20.270557
22,United Kingdom,174,0,0,0,1122.4,1951.9,36.509125,379.1,1535.4,19.801516
22,United Kingdom,175,0,0,0,1136.1,1961.3,36.67915,370.1,1539.8,19.377977
22,United Kingdom,176,0,0,0,1169.9,1987.6,37.051464,381.2,1540.5,19.836603
22,United Kingdom,177,0,0,0,1187.5,1985.4,37.426331,375.2,1550.5,19.483824
22,United Kingdom,178,0,0,0,1167.2,1995.1,36.909843,391.8,1583.8,19.831949
22,United Kingdom,179,0,0,0,1207.9,1988.9,37.78466,385.6,1586.3,19.554745
22,United Kingdom,180,0,0,0,1209.3,1996.9,37.717548,373.1,1540.3,19.499321
22,United Kingdom,181,0,0,0,1238.5,2018.4,38.026958,371.8,1539,19.457819
22,United Kingdom,182,0,0,0,1244,2022.5,38.083576,401,1576.8,20.275053
22,United Kingdom,183,0,0,0,1250.8,2051.1,37.881222,396.1,1543.4,20.422789
22,United Kingdom,184,0,0,0,1278.6,2067,38.217361,410.3,1504.2,21.431183
22,United Kingdom,185,0,0,0,1307.4,2109.3,38.264992,419,1547.1,21.311226
22,United Kingdom,186,0,0,0,1288.6,2129.1,37.70372,441.7,1546.4,22.217192
22,United Kingdom,187,0,0,0,1316.4,2142.8,38.055042,428.5,1582.1,21.312046
22,United Kingdom,188,0,0,0,1326.7,2114.3,38.555653,412.9,1546.6,21.071701
22,United Kingdom,189,0,0,0,1313.7,2115.2,38.31258,407.4,1564.9,20.656086
22,United Kingdom,190,0,0,0,1323.4,2133.2,38.286179,416.5,1631.2,20.339893
22,United Kingdom,191,0,0,0,1320.8,2138.9,38.17672,437.7,1622.2,21.248604
22,United Kingdom,192,0,0,0,1373.9,2084.7,39.724167,436.9,1579.7,21.665178
22,United Kingdom,193,0,0,0,1350.3,2091.2,39.235798,436.3,1555.4,21.905909
22,United Kingdom,194,0,0,0,1382.3,2131.6,39.338058,416.1,1605.6,20.581688
22,United Kingdom,195,0,0,0,1372.9,2135.2,39.135143,428.7,1540.9,21.765841
22,United Kingdom,196,0,0,0,1380.1,2157.2,39.015633,433.4,1469.3,22.778158
22,United Kingdom,197,0,0,0,1370.2,2165.9,38.748905,427.7,1451,22.765741
22,United Kingdom,198,0,0,0,1354.2,2154.1,38.599892,415.9,1451,22.277573
22,United Kingdom,199,0,0,0,1367.5,2184.2,38.502689,403.7,1426.2,22.061316
22,United Kingdom,200,0,0,0,1356.2,2202.9,38.105141,391.1,1378.1,22.106037
22,United Kingdom,201,0,0,0,1355.5,2178.3,38.358143,397.6,1396.4,22.162766
22,United Kingdom,202,0,0,0,1368.9,2199,38.367107,416.4,1432,22.527592
22,United Kingdom,203,0,0,0,1387.3,2208.2,38.584343,422,1420.4,22.904907
22,United Kingdom,204,1,0,1,2260.6,3415.9,39.823833,361.6,1060.8,25.421822
22,United Kingdom,205,1,0,1,2281.9,3397.1,40.18137,358.5,1075.6,24.998257
22,United Kingdom,206,1,0,1,2262.7,3364.5,40.210052,337.8,1123.1,23.122732
22,United Kingdom,207,1,0,1,2261.1,3395.4,39.97348,356.9,1100.3,24.492176
22,United Kingdom,208,1,0,1,2243.6,3386.2,39.852215,338.9,1070.9,24.03887
22,United Kingdom,209,1,0,1,2278.4,3379.7,40.267933,321.2,1070,23.087982
22,United Kingdom,210,1,0,1,2265.7,3395.3,40.022964,331.2,1133.5,22.612139
22,United Kingdom,211,1,0,1,2312,3412.7,40.386395,335.8,1118,23.098087
22,United Kingdom,212,1,0,1,2338.4,3422.9,40.588062,334.6,1051.8,24.134449
22,United Kingdom,213,1,0,1,2405.4,3417.1,41.312153,310,1044.6,22.884985
22,United Kingdom,214,1,0,1,2488.3,3443.9,41.945652,329.6,1102.7,23.011938
22,United Kingdom,215,1,0,1,2515.9,3461.8,42.088093,362.2,1113.4,24.545948
22,United Kingdom,216,1,0,1,2520.7,3449.2,42.223488,350,1147.6,23.370726
22,United Kingdom,217,1,0,1,2543.9,3557.3,41.695076,326,1145.7,22.151253
22,United Kingdom,218,1,0,1,2609.7,3593.3,42.071579,346.7,1164.4,22.94355
22,United Kingdom,219,1,0,1,2547.1,3567.3,41.657398,382.6,1192.5,24.290522
22,United Kingdom,220,1,0,1,2512,3575.7,41.263531,362.1,1151.9,23.916777
22,United Kingdom,221,1,0,1,2522.7,3593.4,41.246872,346.9,1162,22.990257
22,United Kingdom,222,1,0,1,2542.8,3662,40.981174,362.1,1197.7,23.214514
22,United Kingdom,223,1,0,1,2547.3,3705.4,40.739201,373.1,1145,24.576773
22,United Kingdom,224,1,0,1,2609.3,3728.7,41.16914,361.2,1167.1,23.634104
22,United Kingdom,225,1,0,1,2609.2,3758.9,40.972973,369.9,1127.2,24.707767
22,United Kingdom,226,1,0,1,2579.7,3813.6,40.350056,411,1152.5,26.287176
22,United Kingdom,227,1,0,1,2670.5,3798.4,41.282135,409.1,1142.7,26.362934
22,United Kingdom,228,1,0,1,2658.7,3739.3,41.555172,411.7,1173.7,25.96821
22,United Kingdom,229,1,0,1,2655.6,3709.1,41.723885,399.8,1127.5,26.176914
22,United Kingdom,230,1,0,1,2677.5,3657.2,42.267197,424.3,1158.7,26.803537
22,United Kingdom,231,1,0,1,2651.6,3646.7,42.10025,409.9,1125.6,26.694887
22,United Kingdom,232,1,0,1,2695.8,3673,42.328224,400.4,1116.6,26.394199
22,United Kingdom,233,1,0,1,2749.5,3731.4,42.424664,426.7,1148,27.097225
22,United Kingdom,234,1,0,1,2801.5,3814,42.347519,438.9,1146.3,27.687359
22,United Kingdom,235,1,0,1,2868.3,3916.6,42.274757,425.9,1181.4,26.497854
22,United Kingdom,236,1,0,1,2924.3,3965.5,42.443901,406.7,1147.7,26.164436
